Test_ID,Dataset_Name,Prompt_Type,Description_Source,Description_Text,Related_Profile_JSON,Completeness_Score,Conciseness_Score,Readability_Score,Raw_Scores_JSON,Evaluation_Date
Vanilla_AutoDDG-201009,The FluPRINT database,N/A,Vanilla_AutoDDG,"This dataset contains information about immune cell analysis or cytokine profiling from various donors. The data includes demographic information such as donor ID, study ID, gender, and race, as well as visit details like visit year, day, type, age, CMV status, EBV status, BMI, vaccine history, and influenza infection history. Additionally, the dataset contains measurements of immune cell subsets, cytokine levels, and other related data. The semantic profile indicates that the data is primarily used for measurement and aggregation purposes, with some categorization and classification involved. This dataset can be used to analyze immune responses, identify patterns in cytokine profiles, and investigate the effects of vaccines and infections on the immune system.",,9,8,9,"{""completeness"": 9, ""conciseness"": 8, ""readability"": 9}",2025-12-02 20:10:09
Augmented_AutoDDG-201016,The FluPRINT database,V1_Revised,Augmented_AutoDDG,"This dataset contains immune cell analysis data related to ""Immune Checkpoint Inhibitor (ICI) associated myocarditis"" research. It includes information on the characteristics of T cells involved in this condition, such as their cytotoxic activity and clonal expansion. The dataset also provides insights into the temporal dynamics of immune responses, including changes in transcriptomic profiles over time. This data can be used to investigate the mechanisms underlying ICI-associated myocarditis and to identify potential biomarkers for diagnosis or treatment. The study's findings suggest that T cells involved in this condition exhibit a cytotoxic phenotype initially, followed by a transition to an exhaustion phenotype.","{""summary"": ""This is a research article that explores the immune response in patients with Immune Checkpoint Inhibitor (ICI) associated myocarditis. The study uses single-cell RNA sequencing and clonal analysis to investigate the characteristics of T cells involved in this condition.\n\nHere's a summary of the main findings:\n\n1. **Characterization of T cells**: The study found that T cells involved in ICI-associated myocarditis are predominantly CD8+ (Temra) T cells, which are known for their cytotoxic activity.\n2. **Clonal expansion**: The researchers identified clonally expanded T cell populations in patients with myocarditis, suggesting a specific immune response to the tumor or other antigens.\n3. **Transcriptomic changes over time**: By analyzing peripheral blood mononuclear cells from one patient at early and late time points, the study found that the transcriptomic profile of these expanded T cells changed over time. Initially, they expressed high levels of cytotoxicity markers (e.g., GZMB, KLRK1) and homing-associated chemokine genes (CCL5, CCL4). However, by the late time point, these markers decreased, while T-cell exhaustion markers (e.g., CX3CR1, LAG3) increased.\n4. **Functional interactions**: The researchers used ligand-receptor analysis to investigate functional interactions between the myocarditis-associated T cells and other immune cell types. They found that these T cells interact with other immune cells through cardiotropic chemokines (e.g., CCL5, CCL4), which are involved in recruiting inflammatory cells to the heart.\n\nThe study's findings suggest that:\n\n1. **Early cytotoxic phenotype**: The expanded T cells initially exhibit a cytotoxic phenotype, characterized by high expression of cytotoxicity markers and homing-associated chemokine genes.\n2. **Transition to exhaustion phenotype**: Over time, these cells transition to an exhaustion phenotype, characterized by increased expression of T-cell exhaustion markers and decreased expression of cytotoxicity/homing genes.\n3. **Cardiotropic interactions**: The myocarditis-associated T cells interact with other immune cell types through cardiotropic chemokines, which may contribute to the recruitment of inflammatory cells to the heart.\n\nThese findings provide new insights into the immune mechanisms underlying ICI-associated myocarditis and highlight the importance of understanding the temporal dynamics of immune responses in this condition."", ""dataset_name"": ""The FluPRINT database"", ""source_length"": 40529}",9,8,9,"{""completeness"": 9, ""conciseness"": 8, ""readability"": 9}",2025-12-02 20:10:16
Augmented_AutoDDG-201023,The FluPRINT database,V2_Hybrid,Augmented_AutoDDG,"This dataset contains information related to immune cell analysis and cytokine profiling, specifically focusing on the immune response to immunotherapy (ICI) in patients with myocarditis. The data includes demographic information, medical history, and laboratory results, such as single-cell RNA sequencing transcriptomes of T cells from these patients. The semantic profile indicates that the dataset is primarily used for measurement and aggregation purposes, with a focus on identifying patterns and relationships between different immune cell types and their interactions. This dataset can be used to investigate the complex dynamics of the immune response in patients with myocarditis who have received ICI, including the early cytotoxic phenotype and late exhaustion phenotype of T cells.","{""summary"": ""This is a long and complex scientific article about the immune response to immunotherapy (ICI) in patients with myocarditis. I'll try to summarize the main points:\n\n**Introduction**\n\nThe authors investigate the immune response in patients with myocarditis who have received immunotherapy (ICI). They use single-cell RNA sequencing to analyze the transcriptome of T cells from these patients.\n\n**Results**\n\n1. **Early cytotoxic phenotype**: The authors identify a subset of T cells, known as Temra CD8+ cells, that are expanded and activated in patients with myocarditis. These cells exhibit an early cytotoxic phenotype, characterized by high expression of genes involved in cell killing (e.g., GZMB, KLRK1).\n2. **Late exhaustion phenotype**: However, over time, these same T cells transition to a late exhaustion phenotype, characterized by high expression of genes involved in immune suppression and regulation (e.g., CX3CR1, LAG3).\n3. **Cardiotropic chemokines**: The authors identify cardiotropic chemokines (CCL4, CCL5, CCL4L2) that are highly expressed in the early cytotoxic phenotype of Temra CD8+ cells. These chemokines recruit immune cells to the heart.\n4. **Interactions with other immune cell types**: The authors perform ligand-receptor analysis and find interactions between Temra CD8+ cells and other immune cell types, such as macrophages and dendritic cells.\n\n**Discussion**\n\nThe authors propose that the early cytotoxic phenotype of Temra CD8+ cells is responsible for the inflammation and tissue damage observed in myocarditis. However, over time, these same T cells transition to a late exhaustion phenotype, which may contribute to the resolution of inflammation but also potentially lead to immune suppression and regulatory dysfunction.\n\n**Conclusion**\n\nThe study highlights the complex dynamics of the immune response in patients with myocarditis who have received ICI. The findings suggest that early cytotoxic programs become attenuated over time, while T-cell exhaustion markers increase. The authors propose that cardiotropic chemokines play a key role in recruiting immune cells to the heart and that interactions between Temra CD8+ cells and other immune cell types are critical for understanding the pathophysiology of myocarditis.\n\nOverall, this study provides new insights into the immune response in patients with myocarditis who have received ICI and highlights the importance of understanding the complex dynamics of T-cell activation and exhaustion."", ""dataset_name"": ""The FluPRINT database"", ""source_length"": 40529}",9,8,9,"{""completeness"": 9, ""conciseness"": 8, ""readability"": 9}",2025-12-02 20:10:23
Vanilla_AutoDDG-201024,CODE-15%: a large scale annotated dataset of 12-lead ECGs,N/A,Vanilla_AutoDDG,"This dataset contains electrocardiogram (ECG) data from various patients, including their age, gender, and unique identifier codes. The ECG data is represented as text values indicating the presence or absence of certain conditions such as RBBB, LBBB, SB, ST, and AF. Each patient's data is associated with a specific exam ID, timey value, and trace file. The dataset can be used for various purposes in healthcare research, including analyzing ECG patterns, predicting age, and identifying patients at risk of certain conditions.",,8,6,7,"{""completeness"": 8, ""conciseness"": 6, ""readability"": 7}",2025-12-02 20:10:24
Augmented_AutoDDG-201030,CODE-15%: a large scale annotated dataset of 12-lead ECGs,V1_Revised,Augmented_AutoDDG,"This dataset contains electrocardiogram (ECG) data from patients with atrial fibrillation (AF), along with various demographic and clinical information. The key data profile includes exam_id, age, is_male, nn_predicted_age, patient_id, death, timey, normal_ecg, and trace_file, among others. The semantic profile reveals that the dataset represents unique identifiers, measurements, classifications, and temporal data. This dataset can be used for research on AF diagnosis and treatment using machine learning techniques, such as feature selection and classification. A study published in IEEE Transactions on Biomedical Engineering demonstrated an accuracy of 95.6% in classifying AF using a proposed method based on mutual information and support vector machines (SVM).","{""summary"": ""This is a research paper titled \""Feature Selection and Classification of Atrial Fibrillation Using Machine Learning Techniques\"" published in the IEEE Transactions on Biomedical Engineering journal.\n\nThe authors present a study on using machine learning techniques to classify atrial fibrillation (AF) from electrocardiogram (ECG) signals. They propose a feature selection method based on mutual information and a classification algorithm using support vector machines (SVM).\n\nHere's a summary of the paper:\n\n**Background**\n\nAtrial fibrillation is a common cardiac arrhythmia that can lead to stroke, heart failure, and other complications. Accurate diagnosis and treatment of AF are crucial for improving patient outcomes.\n\n**Methodology**\n\nThe authors used the PTB-XL dataset, which contains 21,000 ECG recordings with annotations. They extracted features from the ECG signals using a combination of time-domain and frequency-domain analysis.\n\n**Feature Selection**\n\nThe authors proposed a feature selection method based on mutual information (MI) to select the most relevant features for classification. MI measures the dependence between two variables, in this case, the ECG signal and the AF label.\n\n**Classification**\n\nThe authors used an SVM classifier with a radial basis function (RBF) kernel to classify the ECG signals as either AF or non-AF.\n\n**Results**\n\nThe authors reported an accuracy of 95.6% for classifying AF using their proposed method, which outperformed other machine learning algorithms such as random forest and gradient boosting.\n\n**Conclusion**\n\nThe authors concluded that their feature selection method based on mutual information and SVM classification can accurately classify atrial fibrillation from ECG signals. This study demonstrates the potential of machine learning techniques in improving the diagnosis and treatment of AF.\n\nOverall, this paper presents a novel approach to classifying AF using machine learning techniques and highlights the importance of accurate diagnosis and treatment of AF."", ""dataset_name"": ""CODE-15%: a large scale annotated dataset of 12-lead ECGs"", ""source_length"": 55673}",9,8,9,"{""completeness"": 9, ""conciseness"": 8, ""readability"": 9}",2025-12-02 20:10:30
Augmented_AutoDDG-201037,CODE-15%: a large scale annotated dataset of 12-lead ECGs,V2_Hybrid,Augmented_AutoDDG,"This dataset contains electrocardiogram (ECG) data from various patients, including their exam IDs, ages, genders, predicted ages, and ECG readings. The data is collected for research purposes to analyze the effectiveness of deep learning techniques in ECG analysis, particularly for atrial fibrillation risk prediction and age estimation. The dataset includes 345779 unique exam IDs and 233770 patient IDs, with coverage spanning from 0 to 4275948.0 for exam IDs and 0 to 1746382.0 for patient IDs. The data is of various types, including integer, float, and text, and has a semantic profile that includes representation of person, gender, unique identifier/code, and temporal data. This dataset can be used for research in ECG analysis, deep learning techniques, and healthcare applications.","{""summary"": ""This is a research paper titled \""Deep Learning for Electrocardiogram Analysis\"" published in the IEEE Transactions on Biomedical Engineering journal. The authors present a comprehensive review of deep learning techniques applied to electrocardiogram (ECG) analysis, including atrial fibrillation risk prediction and age estimation from standard 12-lead ECGs.\n\nHere's a summary of the paper:\n\n**Introduction**\n\nThe authors introduce the importance of ECG analysis in clinical settings, particularly for diagnosing and predicting cardiovascular diseases. They highlight the limitations of traditional machine learning approaches and the need for more advanced techniques to improve accuracy and efficiency.\n\n**Deep Learning Techniques**\n\nThe authors review various deep learning architectures used for ECG analysis, including:\n\n1. Convolutional Neural Networks (CNNs)\n2. Recurrent Neural Networks (RNNs)\n3. Long Short-Term Memory (LSTM) networks\n4. Residual Neural Networks (ResNets)\n\nThey also discuss transfer learning and ensemble methods to improve model performance.\n\n**Applications**\n\nThe authors present several applications of deep learning techniques in ECG analysis:\n\n1. **Atrial Fibrillation Risk Prediction**: They review studies that used deep learning models to predict atrial fibrillation risk from ECG data.\n2. **Age Estimation**: They discuss the use of deep learning models for age estimation from standard 12-lead ECGs.\n\n**Results**\n\nThe authors present a summary of the results from various studies, including:\n\n1. Accuracy and sensitivity of deep learning models for atrial fibrillation risk prediction\n2. Performance of deep learning models for age estimation\n\n**Conclusion**\n\nThe authors conclude that deep learning techniques have shown promising results in ECG analysis, particularly for atrial fibrillation risk prediction and age estimation. They highlight the need for further research to improve model performance and interpretability.\n\n**References**\n\nThe paper includes a comprehensive list of references (31-35) related to ECG analysis and deep learning techniques.\n\nOverall, this paper provides a thorough review of the current state-of-the-art in deep learning applications for ECG analysis, highlighting the potential benefits and limitations of these approaches."", ""dataset_name"": ""CODE-15%: a large scale annotated dataset of 12-lead ECGs"", ""source_length"": 55673}",9,8,9,"{""completeness"": 9, ""conciseness"": 8, ""readability"": 9}",2025-12-02 20:10:37
Vanilla_AutoDDG-201039,T1GDUJA: Glucose dataset of a patient with type 1 diabetes mellitus,N/A,Vanilla_AutoDDG,"This dataset contains temporal data related to Type 1 Diabetes, with a focus on measurement values and time offsets. The dataset includes three columns: date, sgv, and utcOffset. The date column is of type text and represents the date in a specific format, with 41,701 unique values. The sgv column is an integer representing measurement values, with 309 unique values spanning from 0 to 257.0. The utcOffset column is also an integer, but it has only two unique values, indicating time offsets ranging from 0 to 120. This dataset can be used for various applications in Type 1 Diabetes research and analysis, such as identifying patterns in measurement values over time or exploring the relationship between measurement values and time offsets.",,6,8,9,"{""completeness"": 6, ""conciseness"": 8, ""readability"": 9}",2025-12-02 20:10:39
Augmented_AutoDDG-201046,T1GDUJA: Glucose dataset of a patient with type 1 diabetes mellitus,V1_Revised,Augmented_AutoDDG,"This dataset contains temporal data related to Type 1 Diabetes, specifically continuous glucose monitoring (CGM) readings from a diabetic patient. The data includes measurements of glucose levels (sgv), represented as integers, and corresponding timestamps in date format. Each record also includes the UTC offset, indicating the time zone difference. With 41701 unique dates and 309 unique sgv values, this dataset provides a comprehensive view of the patient's glucose fluctuations over time. The data is suitable for research on linguistic summarization of CGM data and can be used to develop expert-guided systems for analyzing and interpreting glucose monitoring data.","{""summary"": ""This appears to be a research paper on developing an expert-guided system for linguistic summarization of continuous glucose monitoring data. The authors present their methodology and results from testing the system on a dataset from a diabetic patient.\n\nHere's a summary of the main points:\n\n**Methodology:**\n\n1. **Data Preprocessing:** The raw data is preprocessed using a segmentation algorithm to identify patterns in the data.\n2. **Protoform Generation:** Protoforms are generated based on the segmented data, which represent specific events or patterns in the data.\n3. **Linguistic Summarization:** A linguistic summarization approach is used to generate natural language summaries from the protoforms.\n\n**Results:**\n\n1. **Experimental Results:** The system was tested on a dataset from a diabetic patient and produced 34 protoforms, which were then evaluated using a quality framework.\n2. **Evaluation Metrics:** The Degree of Usefulness (DoU) metric was used to evaluate the generated linguistic summaries, with an overall DoU of around 0.73.\n3. **Survey Results:** A survey was conducted among diabetic patients, their relatives, and healthcare professionals to assess the usability and effectiveness of the system.\n\n**Discussion and Limitations:**\n\n1. **Viability and Validity:** The results demonstrate the viability and validity of the developed proposal in its preliminary stage.\n2. **Limitations:** The study has some limitations, including the use of unlabeled data and the lack of causality understanding among survey respondents.\n\nSome potential questions or areas for further research based on this paper include:\n\n* How can the system be improved to better capture complex patterns in the data?\n* Can the system be adapted for use with other types of data, such as medical imaging or sensor data?\n* How can the system be integrated into clinical practice to improve patient outcomes?\n\nOverall, this paper presents a promising approach to linguistic summarization of continuous glucose monitoring data and highlights the potential benefits of using natural language processing techniques in healthcare."", ""dataset_name"": ""T1GDUJA: Glucose dataset of a patient with type 1 diabetes mellitus"", ""source_length"": 44708}",8,9,9,"{""completeness"": 8, ""conciseness"": 9, ""readability"": 9}",2025-12-02 20:10:46
Augmented_AutoDDG-201053,T1GDUJA: Glucose dataset of a patient with type 1 diabetes mellitus,V2_Hybrid,Augmented_AutoDDG,"This dataset contains continuous glucose monitoring data for patients with Type 1 Diabetes. The data includes temporal information, with each row representing a measurement at a specific date and time. The measurements are represented by the 'sgv' column, which contains integer values ranging from 0 to 257.0. The 'utcOffset' column indicates the time zone offset in hours. This dataset can be used for various applications, such as developing predictive models or generating natural language summaries of glucose levels. It has been used in a research paper on an expert-guided system for generating summaries from continuous glucose monitoring data.","{""summary"": ""This appears to be a research paper on a system for generating natural language summaries from continuous glucose monitoring data. Here's a summary of the main points:\n\n**Introduction**\n\nThe authors propose an expert-guided system for generating natural language summaries from continuous glucose monitoring data. The system uses fuzzy logic and machine learning techniques to identify patterns in the data and generate protoforms, which are then evaluated based on their degree of truth (DoT).\n\n**Methodology**\n\n1. **Data Preprocessing**: The raw data is preprocessed using a segmentation algorithm to eliminate redundancies and preserve the fundamental shape of the time series.\n2. **Protoform Generation**: Protoforms are generated by applying fuzzy logic rules to identify patterns in the data, such as glucose level ranges, day intervals, and quantifiers (e.g., \""many\"" or \""most\"").\n3. **Evaluation**: The protoforms are evaluated based on their DoT, which is calculated using a formula that takes into account the membership degrees of the summarizer and quantifier.\n4. **Linguistic Summary Generation**: The protoforms with a high enough DoT (\u2265 0.7) are used to generate natural language summaries.\n\n**Experimental Results**\n\nThe authors tested their system on a dataset from a diabetic patient, which consisted of 226 days of continuous glucose monitoring data. They found that:\n\n* Around 89% of possible protoforms were activated.\n* Approximately 60% of protoforms were finally evaluated by the system.\n* The system was able to capture various data patterns at a time.\n\n**Evaluation**\n\nThe authors conducted an evaluation of their system using the Degree of Usefulness (DoU) metric, which measures the utility of the generated sentences from the viewpoint of the target users. They found that:\n\n* The overall DoU obtained from survey respondents was around 0.73.\n* The results for every group of target users were positive, with some presenting little variation.\n\n**Discussion and Limitations**\n\nThe authors discuss the limitations of their system, including:\n\n* The need for labeled data to improve causality understanding.\n* The potential for overfitting or underfitting in the machine learning models.\n* The requirement for expert guidance in setting up the system.\n\nOverall, this research paper presents a novel approach to generating natural language summaries from continuous glucose monitoring data using fuzzy logic and machine learning techniques. While there are limitations to the system, the results suggest that it has potential as a tool for healthcare professionals and patients with diabetes."", ""dataset_name"": ""T1GDUJA: Glucose dataset of a patient with type 1 diabetes mellitus"", ""source_length"": 44708}",8,9,9,"{""completeness"": 8, ""conciseness"": 9, ""readability"": 9}",2025-12-02 20:10:53
Vanilla_AutoDDG-201057,A comprehensive database of expert-curated occurrences for the genus Carex L. (Cyperaceae),N/A,Vanilla_AutoDDG,"This dataset contains information about the distribution of Carex species, including their scientific names, original names, infraspecific information, authorities, revised names, and revised infraspecific information. The data is sourced from various sources, including literature references, and includes temporal and spatial data such as latitude, longitude, day, month, year, TDWG3 region, and TDWG1 name. The dataset also contains information about the collectors, institutions, and collections involved in the data gathering process. This dataset can be used for research on Carex species distribution, ecology, and conservation, as well as for understanding the taxonomy and classification of these plants.  The dataset has a total of 384067 records, with each record containing various attributes such as identifier, source, link, basis of record, scientific name, original name, infraspecific information, authority, revised name, revised infraspecific information, revised authority, synonym resolved, latitude, longitude, day, month, year, TDWG3 region, TDWG1 name, institution code, collection code, GBIF occurrence ID, main collector, other collectors, collector code, curation change, contributor, and incidences.  The semantic profile of the dataset columns reveals that it contains a mix of identifier, source, literature reference, scientific entity, plant, name entity, temporal entity, spatial data, location, organization, unique identifier, measurement, and person attributes. The dataset can be used for various purposes such as understanding the distribution patterns of Carex species, identifying areas with high conservation value, and informing management decisions related to these plants.  The dataset's coverage spans from 0 to 377764.0 for record ID, 0 to 3043013609.0 for GBIF occurrence ID, and includes various temporal data such as day (0-31), month (0-8), and year. The spatial data includes latitude (0-69.7339) and longitude (-131.457778 to 174.1583).",,9,6,8,"{""completeness"": 9, ""conciseness"": 6, ""readability"": 8}",2025-12-02 20:10:57
Augmented_AutoDDG-201106,A comprehensive database of expert-curated occurrences for the genus Carex L. (Cyperaceae),V1_Revised,Augmented_AutoDDG,"This dataset contains information on Carex species distribution, including their scientific names, original names, infraspecific information, authorities, revised names, and revised infraspecific information. The data is sourced from various sources, including literature references, online databases, and institutional collections. It includes spatial and temporal data, such as latitude and longitude coordinates, day, month, and year of collection, as well as TDWG region and institution codes. This dataset can be used to study the biogeography and evolution of Carex species, and to investigate their distribution patterns across different regions.  The semantic profile of this dataset indicates that it contains a mix of scientific and descriptive information, with some fields representing identifiers, sources, and locations, while others represent temporal entities or measurements. The data is primarily used for aggregation and measurement purposes, with some fields serving as unique identifiers or keys.  This dataset can be utilized to investigate the evolutionary history and biogeography of Carex species in South America, including their ancestral areas of origin, anagenetic dispersal events, and changes in climate that may have influenced their distribution. The data can also be used to reconstruct the ancestral bioclimatic niches for each group and to discuss the findings in the context of the evolutionary history and biogeography of Carex in South America.  The dataset's coverage spans from 0 to 377764, with a total of 384067 unique record IDs. The data includes information on 3102 unique scientific names, 1781 original names, and 748 authorities. The TDWG region field contains 276 unique values, while the institution code field has 792 unique values.  The dataset's topic is Carex species distribution, and it can be used for various purposes such as studying the biogeography and evolution of Carex species, investigating their distribution patterns across different regions, and reconstructing ancestral bioclimatic niches.","{""summary"": ""This is a lengthy text that appears to be a scientific paper on the biogeography of two groups of Carex (a genus of sedges) in South America. I'll try to summarize the main points:\n\n**Introduction**\n\nThe authors investigate the evolutionary history and biogeography of two groups of Carex: the C. phalaroides group and sect. Bracteosellae.\n\n**Phylogenetic analysis**\n\nThe authors use phylogenetic methods (maximum likelihood, Bayesian inference) to reconstruct the relationships among species within each group. They find that both groups are monophyletic and have distinct evolutionary histories.\n\n**Biogeographic analysis**\n\nThe authors use several biogeographic methods (BioGeoBEARS, RevBayes) to infer the ancestral areas of origin for each group. They find that:\n\n* The C. phalaroides group originated in a wide area that included the Atlantic region (A), Pampa region (P), and central Andes (C).\n* Sect. Bracteosellae also originated in a widespread area, but with lower proportions of ancestral areas.\n* Both groups show high levels of anagenetic dispersal events (i.e., range expansion) throughout their evolutionary history.\n\n**Bioclimatic niche analysis**\n\nThe authors use principal component analysis to investigate the bioclimatic niches of the C. phalaroides group. They find that the first two principal components explain 80% of the variance, with PC1 explaining 54% and PC2 explaining 26.3%.\n\n**Ancestral niche reconstruction**\n\nUsing RevBayes, the authors reconstruct the ancestral bioclimatic niches for each group. They find that both groups have similar ancestral niches, but with some differences in the proportions of variables.\n\n**Discussion**\n\nThe authors discuss their findings in the context of the evolutionary history and biogeography of Carex in South America. They highlight the importance of anagenetic dispersal events in shaping the distribution of these species and suggest that changes in climate may have played a role in their evolution.\n\nSome specific points from the text include:\n\n* The C. phalaroides group shows high levels of cladogenetic vicariance events, which are inferred to have occurred due to fragmentation of areas including the Atlantic region.\n* Sect. Bracteosellae has a higher proportion of sympatric speciation events than anagenetic dispersal events.\n* Both groups show evidence of range expansion and contraction throughout their evolutionary history.\n\nOverall, this paper provides insights into the biogeography and evolution of two groups of Carex in South America, highlighting the importance of anagenetic dispersal events and changes in climate in shaping their distribution."", ""dataset_name"": ""A comprehensive database of expert-curated occurrences for the genus Carex L. (Cyperaceae)"", ""source_length"": 58610}",9,8,9,"{""completeness"": 9, ""conciseness"": 8, ""readability"": 9}",2025-12-02 20:11:06
Augmented_AutoDDG-201113,A comprehensive database of expert-curated occurrences for the genus Carex L. (Cyperaceae),V2_Hybrid,Augmented_AutoDDG,"This dataset contains information on Carex species distribution, including their scientific names, original names, infraspecific information, authorities, revised names, and geographic locations. The data is sourced from various sources, including literature references, online databases, and institutional collections. It includes spatial and temporal data, such as latitude and longitude coordinates, day, month, and year of collection. The dataset can be used to study the biogeography and ecology of Carex species, understand their evolutionary history, and inform conservation efforts.","{""summary"": ""This is a long and complex text that appears to be a scientific paper on the biogeography of two groups of plants, specifically Carex species in South America. I'll try to break down the main points and provide a summary.\n\n**Introduction**\n\nThe paper aims to reconstruct the evolutionary history of two groups of Carex species in South America using phylogenetic and biogeographic analysis. The authors used multiple methods, including Bayesian inference, stochastic mapping, and ancestral area reconstruction, to infer the relationships between species and their geographic distributions.\n\n**Methods**\n\nThe authors used a combination of molecular data (DNA sequences) and morphological data to reconstruct the phylogeny of the two groups of Carex species. They also used biogeographic analysis to infer the evolutionary history of the species and their geographic distributions.\n\n**Results**\n\nThe results are presented in several sections:\n\n1. **Phylogenetic analysis**: The authors reconstructed the phylogeny of the two groups of Carex species using Bayesian inference and stochastic mapping.\n2. **Ancestral area reconstruction**: The authors used ancestral area reconstruction to infer the geographic origins of the species and their dispersal patterns.\n3. **Bioclimatic niche and ancestral niche reconstruction**: The authors used principal component analysis (PCA) to reconstruct the bioclimatic niches of the species and inferred their ancestral niches.\n\n**Key findings**\n\n1. **Phylogenetic relationships**: The authors found that the two groups of Carex species are not monophyletic, with some species belonging to one group and others to another.\n2. **Ancestral area reconstruction**: The authors inferred that both groups of Carex species originated in South America, but their dispersal patterns were different. One group dispersed from the Atlantic region to the central Andes, while the other group dispersed from the Pampa region to the northern Andes.\n3. **Bioclimatic niche and ancestral niche reconstruction**: The authors found that both groups of Carex species have similar bioclimatic niches, but their ancestral niches were different.\n\n**Discussion**\n\nThe authors discuss the implications of their findings for our understanding of the evolutionary history of Carex species in South America. They also highlight the importance of considering multiple lines of evidence (phylogenetic, biogeographic, and ecological) to reconstruct the evolutionary history of organisms.\n\n**Conclusion**\n\nThe paper concludes that the two groups of Carex species have distinct evolutionary histories, with different dispersal patterns and ancestral niches. The authors emphasize the importance of continued research on the biogeography of Carex species in South America to better understand their evolution and ecology.\n\nOverall, this paper provides a comprehensive analysis of the biogeography of two groups of Carex species in South America, using multiple methods and lines of evidence."", ""dataset_name"": ""A comprehensive database of expert-curated occurrences for the genus Carex L. (Cyperaceae)"", ""source_length"": 58610}",9,8,9,"{""completeness"": 9, ""conciseness"": 8, ""readability"": 9}",2025-12-02 20:11:13
Vanilla_AutoDDG-201115,TetrapodTraits Database,N/A,Vanilla_AutoDDG,"This dataset contains information about various species of snakes and birds, including their taxonomic classifications, habitats, and geographic distributions. The data includes measurements such as body length, weight, and elevation, as well as temporal and spatial data related to climate, precipitation, and human population density. The semantic profile indicates that the data is primarily used for classification, measurement, and aggregation purposes, with some columns representing entities, locations, or measures. This dataset can be used for research in avian taxonomy, conservation biology, and ecology, particularly in the context of Neotropical bird species and their habitats.",,9,8,9,"{""completeness"": 9, ""conciseness"": 8, ""readability"": 9}",2025-12-02 20:11:15
Augmented_AutoDDG-201123,TetrapodTraits Database,V1_Revised,Augmented_AutoDDG,"This dataset contains species-level attributes related to taxonomy, body size, activity time, microhabitat, macrohabitat, ecosystem, geography, environmental preferences, and threat status of tetrapod species. The data was compiled from over 3,300 references using multiple imputation techniques to fill in missing values. The TetrapodTraits database is a valuable resource for researchers studying tetrapods, with high accuracy rates for body mass, body length, activity time, and microhabitat. The dataset can be used for various research purposes, including the study of avian taxonomy, reptile ecology, and conservation biology.  The semantic profile of this dataset reveals that it contains a wide range of attributes related to tetrapod species, including their taxonomy, body size, activity patterns, habitat preferences, and geographic distribution. The data is organized in a way that facilitates analysis and comparison across different species and attributes. This dataset can be used for various research purposes, such as identifying patterns of shared missing data, assessing the accuracy of imputed values, and investigating the impacts of proportion of missing data on model performance.  The TetrapodTraits database has been developed using multiple imputation techniques to fill in missing values, which is a valuable resource for researchers studying tetrapods. The dataset can be used for various research purposes, including the study of avian taxonomy, reptile ecology, and conservation biology.","{""summary"": ""This text appears to be a research article on the development of a database called TetrapodTraits, which contains information on species-level attributes related to taxonomy, body size, activity time, microhabitat, macrohabitat, ecosystem, geography, environmental preferences, and threat status of tetrapod species. The article discusses various methods used to compile this data, including the use of multiple imputation techniques to fill in missing values.\n\nHere are some key points from the text:\n\n1. **Data compilation**: The authors compiled data from over 3,300 references, including previously published databases, articles, books, grey literature, and websites.\n2. **Multiple imputation**: The authors used a multiple imputation technique called phylogenetic multiple imputation (PMMI) to fill in missing values.\n3. **Data quality**: The authors assessed the accuracy of their imputed data using various metrics, including Pearson correlation coefficients, regression slopes, normalized root mean square errors (NRMSE), and accuracy measures for binary categories.\n4. **Patterns of shared missing data**: The authors used a \""checkerboard score\"" to assess patterns of shared missing data across species.\n5. **Inclusion of imputed values**: The authors calculated the relative change in attribute properties after including imputed values, using metrics such as geometric mean and mean scores for binary attributes.\n\nThe results of this study suggest that the TetrapodTraits database is a valuable resource for researchers studying tetrapods, with high accuracy rates for body mass, body length, activity time, and microhabitat. The authors also note that their imputation framework demonstrated a remarkably close match in attribute properties between observed and imputed data.\n\nSome potential limitations of this study include:\n\n1. **Data quality**: The authors acknowledge that the quality of the original data may be variable, which could impact the accuracy of their imputed values.\n2. **Patterns of shared missing data**: The authors note that patterns of shared missing data may arise due to estimation errors rather than unsampled fractions of the attribute space.\n3. **Mechanisms of data missingness**: The authors recognize that this study does not comprehensively investigate the impacts of proportion of missing data and degree of shared missingness on model performance.\n\nOverall, this article provides a useful overview of the development and validation of the TetrapodTraits database, which is an important resource for researchers studying tetrapods."", ""dataset_name"": ""TetrapodTraits Database"", ""source_length"": 44312}",9,8,9,"{""completeness"": 9, ""conciseness"": 8, ""readability"": 9}",2025-12-02 20:11:23
Augmented_AutoDDG-201131,TetrapodTraits Database,V2_Hybrid,Augmented_AutoDDG,"This dataset is part of the TetrapodTraits database, which contains information on various attributes related to tetrapod species. The data was compiled from over 3,300 references and includes previously published databases, articles, books, grey literature, and websites. Missing values were handled using a combination of methods, including removing species with high levels of missing data and imputing values using phylogenetic multiple imputation (PMMI). The dataset covers taxonomy, body size, activity time, microhabitat, macrohabitat, ecosystem, geography, environmental preferences, and threat status. It can be used for conservation biology, ecological research, and evolutionary biology studies.  The TetrapodTraits database offers insights into various attributes related to tetrapod species, including taxonomy, body size, activity time, microhabitat, macrohabitat, ecosystem, geography, environmental preferences, and threat status. The dataset is a valuable resource for researchers interested in understanding the diversity and ecology of tetrapods.  The semantic profile of this dataset indicates that it contains spatial data (resolution: Country/Region), temporal data (resolution: Year), and numeric measurements. It also includes classification/description information from organizations and geographic entities. The dataset can be used to study ecological patterns and processes at various spatial scales, from local communities to global biogeography.  The research literature provides context about the development of this database, including methods for handling missing data and imputing values using phylogenetic multiple imputation (PMMI). The authors' imputation framework demonstrated high overall effectiveness across all tetrapods, particularly for body mass and body length.","{""summary"": ""This text appears to be a research article on the development of a database called TetrapodTraits, which contains information on various attributes related to tetrapod species. The authors describe their methods for handling missing data and imputing values using phylogenetic multiple imputation.\n\nHere's a summary of the main points:\n\n1. **Data acquisition**: The authors compiled data from over 3,300 references, including previously published databases, articles, books, grey literature, and websites.\n2. **Handling missing data**: They used a combination of methods to handle missing data, including:\n\t* Removing species with high levels of missing data\n\t* Imputing values using phylogenetic multiple imputation (PMMI)\n3. **Phylogenetic multiple imputation (PMMI)**: The authors developed an R package called mixgb to perform PMMI. They used 100 fully sampled phylogenetic trees and 10-fold cross-validation to produce 10,000 imputed values for each missing data entry.\n4. **Evaluation of imputation performance**: The authors evaluated the accuracy of their imputation framework using metrics such as Pearson correlation coefficient, regression slope, normalized root mean square error (NRMSE), and accuracy.\n5. **Patterns of shared missing data**: They used the \""checkerboard score\"" to assess co-occurrence patterns in missing data across species.\n6. **Effects of imputed values on attribute properties**: The authors calculated the relative change in attribute properties per genus, family, and assemblage after adding imputed values.\n\nThe results show that the TetrapodTraits database offers insights into various attributes related to tetrapod species, including taxonomy, body size, activity time, microhabitat, macrohabitat, ecosystem, geography, environmental preferences, and threat status. The authors' imputation framework demonstrated high overall effectiveness across all tetrapods, particularly for body mass and body length.\n\nSome potential applications of the TetrapodTraits database include:\n\n* **Conservation biology**: The database can provide valuable information on species-level attributes related to conservation, such as extinction risk, population trends, and habitat preferences.\n* **Ecological research**: The database can be used to study ecological patterns and processes at various spatial scales, from local communities to global biogeography.\n* **Evolutionary biology**: The database can provide insights into the evolution of tetrapod traits, including body size, activity time, and microhabitat preferences.\n\nOverall, the TetrapodTraits database is a valuable resource for researchers interested in understanding the diversity and ecology of tetrapods."", ""dataset_name"": ""TetrapodTraits Database"", ""source_length"": 44312}",9,8,9,"{""completeness"": 9, ""conciseness"": 8, ""readability"": 9}",2025-12-02 20:11:31
Vanilla_AutoDDG-201134,leafnp_data,N/A,Vanilla_AutoDDG,"This dataset contains plant species attributes with various measurements and classifications. The dataset includes spatial data such as longitude (lon) and latitude (lat), which represent the location of the plants. It also includes temporal data like year start, year end, month start, and month end, indicating the time period for each measurement. Other attributes include leaf nitrogen (leafN), leaf phosphorus (leafP), and plant families (Family_New). The dataset can be used to analyze forest ecology, biodiversity, and ecosystem attributes, providing insights into plant species characteristics and their environments.  This dataset is suitable for researchers and scientists studying plant biology, ecology, and environmental science. It can be used to investigate the relationships between plant species and their habitats, as well as to develop models predicting plant growth and development based on environmental factors.",,9,8,9,"{""completeness"": 9, ""conciseness"": 8, ""readability"": 9}",2025-12-02 20:11:34
Augmented_AutoDDG-201140,leafnp_data,V1_Revised,Augmented_AutoDDG,"This dataset contains plant species attributes with various measurements, including spatial data, temporal data, and domain-specific types. The semantic profile indicates that the dataset includes spatial location, measurement, aggregation key, classification/tagging, and primary key functions. It appears to be related to forest ecology, tree characteristics, biodiversity data, ecosystem attributes, and plant nutrient stoichiometry. Research literature suggests that this dataset can be used to study the impacts of climate change on plant community composition and function, as well as biogeochemical cycling and nutrient limitation in terrestrial ecosystems. The dataset may also provide insights into intraspecific trait variation and its role in shaping ecosystem responses to global change.","{""summary"": ""This is a long list of references to scientific articles related to plant ecology, biogeochemistry, and global change biology. The references cover a wide range of topics, including:\n\n1. Plant nutrient stoichiometry and its response to environmental changes\n2. Effects of nitrogen deposition on forest ecosystems\n3. Impacts of climate change on plant community composition and function\n4. Intraspecific trait variation and its role in shaping ecosystem responses to global change\n5. Biogeochemical cycling and nutrient limitation in terrestrial ecosystems\n\nHere are some key findings and insights from the references:\n\n1. **Plant nutrient stoichiometry is a key driver of ecosystem processes**: Studies have shown that changes in plant nutrient stoichiometry can have significant impacts on ecosystem function, including carbon sequestration, water use efficiency, and nutrient cycling.\n2. **Nitrogen deposition has far-reaching consequences for forest ecosystems**: Excess nitrogen can lead to changes in plant community composition, increased soil acidification, and altered biogeochemical cycles.\n3. **Climate change is altering plant community composition and function**: Rising temperatures and changing precipitation patterns are leading to shifts in plant species composition, changes in phenology, and impacts on ecosystem processes such as carbon sequestration and nutrient cycling.\n4. **Intraspecific trait variation is a key feature of high Arctic plant communities**: Studies have shown that intraspecific trait variation can play a crucial role in shaping the responses of plant communities to climate change.\n5. **Biogeochemical cycling is critical for understanding ecosystem function**: Nutrient limitation, nutrient cycling, and biogeochemical processes are all important components of ecosystem function, and changes in these processes can have significant impacts on ecosystem health.\n\nSome notable authors and researchers mentioned in the references include:\n\n1. J. Pe\u00f1uelas\n2. J. Sardans\n3. P.B. Reich\n4. E.A. Ainsworth\n5. S.P. Long\n\nThe references also highlight the importance of considering multiple factors, including climate change, nitrogen deposition, and biogeochemical cycling, when studying ecosystem responses to global change."", ""dataset_name"": ""leafnp_data"", ""source_length"": 65008}",9,8,9,"{""completeness"": 9, ""conciseness"": 8, ""readability"": 9}",2025-12-02 20:11:40
Augmented_AutoDDG-201145,leafnp_data,V2_Hybrid,Augmented_AutoDDG,"This dataset contains plant species with various attributes, including spatial and temporal data, measurements of physical and chemical properties, and classification/filtration information. The semantic profile indicates that the dataset includes spatial location, measurement, and aggregation key data, as well as domain-specific types such as general, numeric, and physical measure. This dataset can be used for research on plant species, forest ecology, tree characteristics, biodiversity data, and ecosystem attributes. Insights from related research suggest that this dataset may provide valuable information on the relationships between nutrient availability, environmental change, and ecosystem function, but further analysis is needed to confirm these findings.","{""summary"": ""This appears to be a list of references for a research paper on the topic of ecological stoichiometry, which is the study of the relationships between the amounts of different elements in living organisms and their environments. The references are from various scientific journals and cover topics such as:\n\n* The effects of nitrogen addition on plant photosynthesis and growth\n* The impact of climate change on nutrient cycling and stoichiometry in ecosystems\n* The role of phosphorus availability in regulating plant growth and community composition\n* The responses of plants to elevated CO2 levels and warming temperatures\n* The importance of considering intraspecific trait variation when studying ecological responses to environmental changes\n\nSome of the key findings mentioned in these references include:\n\n* Nitrogen addition can lead to reduced water use efficiency in forests with low phosphorus availability (Huang et al., 2016)\n* Rising CO2 levels and warming temperatures can reduce global canopy demand for nitrogen (Dong et al., 2022)\n* Intraspecific trait variation is a key feature underlying high Arctic plant community resistance to climate warming (J\u00f3nsd\u00f3ttir et al., 2022)\n* Warming leads to more closed nitrogen cycling in nitrogen-rich tropical forests (Lie et al., 2021)\n\nThese references provide a wealth of information on the complex relationships between nutrient availability, environmental change, and ecosystem function."", ""dataset_name"": ""leafnp_data"", ""source_length"": 65008}",9,8,9,"{""completeness"": 9, ""conciseness"": 8, ""readability"": 9}",2025-12-02 20:11:45
Vanilla_AutoDDG-201147,Summary-level data from meta-analysis of fat distribution phenotypes in UK Biobank and GIANT,N/A,Vanilla_AutoDDG,"This dataset contains genetic variant or SNP (Single Nucleotide Polymorphism) data with corresponding information. The dataset includes columns such as CHR (chromosome), POS (position), SNP (single nucleotide polymorphism), Tested_Allele and Other_Allele, which represent the genetic entities involved in each variant. Additionally, it includes Freq_Tested_Allele, BETA, SE, P, N, and INFO, which provide frequency, effect size, standard error, p-value, sample size, and information about each variant. The dataset can be used for various applications in human genetics research, such as identifying genetic associations with diseases or traits, understanding the functional impact of genetic variants, and exploring population genetics patterns.",,9,8,9,"{""completeness"": 9, ""conciseness"": 8, ""readability"": 9}",2025-12-02 20:11:47
Augmented_AutoDDG-201153,Summary-level data from meta-analysis of fat distribution phenotypes in UK Biobank and GIANT,V1_Revised,Augmented_AutoDDG,"This dataset contains genetic variant information with corresponding details for each Single Nucleotide Polymorphism (SNP). The data includes chromosome (CHR), position (POS), SNP identifier, tested allele, other allele, frequency of the tested allele, beta value, standard error, p-value, sample size (N), and additional information. The dataset is primarily composed of integers and floats, with some text fields representing genetic entities and measurements. This dataset can be used for various applications in human genetics research, such as identifying associations between SNPs and traits or diseases.","{""summary"": ""The text appears to be a scientific manuscript detailing a study on the relationship between obesity and adiposity with various blood traits. The authors used publicly available data sets to conduct their analysis.\n\nHere are some key points from the manuscript:\n\n**Study Design**\n\n* The study was designed to investigate the relationship between obesity and adiposity with various blood traits.\n* The authors used publicly available data sets, including those from the UK Biobank (UKBB) and the Genetic Analysis of Phenotypes (GAP) project.\n\n**Methods**\n\n* The authors conducted a conditional GWAS analysis using the mtCOJO method to adjust for BMI and WHR.\n* They also performed mediation analysis to estimate the direct and indirect effects of obesity and adiposity on blood traits.\n* Gene-level analyses were conducted using FUMA, which uses MAGMA for gene identification.\n\n**Results**\n\n* The study found that adjusting for BMI and WHR significantly changed the results of the GWAS analysis, with many regions becoming nullified or novel.\n* Mediation analysis revealed that obesity and adiposity had significant direct and indirect effects on blood traits.\n* Gene ontology analyses identified several biological processes that were enriched in genes associated with blood traits.\n\n**Conclusion**\n\n* The study highlights the importance of adjusting for BMI and WHR when conducting GWAS analyses, as it can significantly impact the results.\n* The findings suggest that obesity and adiposity have complex relationships with various blood traits, and further research is needed to fully understand these relationships.\n\nThe manuscript includes several supplementary files, including tables 1-24, which provide additional details on the study design, methods, and results."", ""dataset_name"": ""Summary-level data from meta-analysis of fat distribution phenotypes in UK Biobank and GIANT"", ""source_length"": 35518}",8,9,9,"{""completeness"": 8, ""conciseness"": 9, ""readability"": 9}",2025-12-02 20:11:53
Augmented_AutoDDG-201159,Summary-level data from meta-analysis of fat distribution phenotypes in UK Biobank and GIANT,V2_Hybrid,Augmented_AutoDDG,"This dataset contains genetic variant information with corresponding details for each Single Nucleotide Polymorphism (SNP). The data includes chromosome (CHR) and position (POS) information, as well as the SNP itself, tested allele, other allele, frequency of the tested allele, beta value, standard error, p-value, sample size (N), and an INFO field. The dataset is suitable for genetic research, particularly in understanding the relationship between obesity, adiposity, and blood traits. It can be used to analyze the association between genetic variants and various health outcomes, as well as to identify potential biological mechanisms underlying these relationships.","{""summary"": ""This is a research article in the field of genetics and genomics, specifically focusing on the relationship between obesity, adiposity (body fat), and blood traits. The authors used publicly available data sets to conduct their analysis.\n\nHere's a summary of the main points:\n\n**Background**: Obesity and adiposity are associated with various health problems, including cardiovascular disease and diabetes. Blood traits, such as hemoglobin levels, can also be influenced by these conditions.\n\n**Methods**: The authors used a combination of statistical methods, including inverse variance weighted (IVW) meta-analysis, to analyze the relationship between obesity/adiposity and blood traits in a large cohort of individuals.\n\n**Key findings**:\n\n1. **Obesity and adiposity are associated with changes in multiple blood traits**, including hemoglobin levels, red blood cell count, and white blood cell count.\n2. **The association between obesity/adiposity and blood traits is mediated by inflammation and insulin resistance**.\n3. **Adjusting for body mass index (BMI) and waist circumference attenuates the associations between obesity/adiposity and blood traits**, suggesting that these measures of adiposity are important confounders in this relationship.\n\n**Gene-level analyses**: The authors used a gene ontology analysis to identify biological processes associated with the identified genes. They found significant enrichment for pathways related to inflammation, insulin signaling, and lipid metabolism.\n\n**Conclusion**: This study highlights the complex relationships between obesity/adiposity and blood traits, and suggests that these associations are mediated by underlying biological mechanisms such as inflammation and insulin resistance.\n\nSome of the key terms used in this article include:\n\n* **Inverse variance weighted (IVW) meta-analysis**: a statistical method for combining data from multiple studies to estimate the effect size of an exposure on an outcome.\n* **Meta-analysis**: a statistical method for combining data from multiple studies to estimate the overall effect size of an exposure on an outcome.\n* **Gene ontology analysis**: a statistical method for identifying biological processes associated with a set of genes.\n* **Inflammation**: a physiological response to tissue damage or infection, characterized by the release of pro-inflammatory cytokines and other signaling molecules.\n* **Insulin resistance**: a condition in which the body's cells become less responsive to insulin, leading to impaired glucose uptake and increased blood sugar levels.\n\nOverall, this study provides new insights into the relationships between obesity/adiposity and blood traits, and highlights the importance of considering underlying biological mechanisms when interpreting these associations."", ""dataset_name"": ""Summary-level data from meta-analysis of fat distribution phenotypes in UK Biobank and GIANT"", ""source_length"": 35518}",9,8,9,"{""completeness"": 9, ""conciseness"": 8, ""readability"": 9}",2025-12-02 20:11:59
Vanilla_AutoDDG-201202,Coronavirus disease (COVID-19) case data - South Africa,N/A,Vanilla_AutoDDG,"This dataset contains COVID-19 case metrics for South Africa, with each row representing a specific date. The data includes various metrics such as confirmed cases, deaths, and other related statistics. There are 864 unique dates in the dataset, with coverage spanning from April 2020 to June 2022. The dataset has a total of 13 columns, including EC (confirmed cases), FS (financial data), GP (general population), KZN (KwaZulu-Natal province), LP (lab-processed tests), MP (measurement data), NC (national data), NW (North West province), WC (Western Cape province), UNKNOWN (unknown or missing values), total (total cases), and source (data source). The dataset can be used to analyze the spread of COVID-19 in South Africa, track trends and patterns, and inform public health policies.",,8,6,9,"{""completeness"": 8, ""conciseness"": 6, ""readability"": 9}",2025-12-02 20:12:02
Augmented_AutoDDG-201210,Coronavirus disease (COVID-19) case data - South Africa,V1_Revised,Augmented_AutoDDG,"This dataset contains COVID-19 case data for South Africa, with each row representing a specific date and including various metrics such as confirmed cases, deaths, etc. The data spans from 2020 to 2022, covering the pandemic's progression in the country. The dataset includes information on different provinces, including EC, FS, GP, KZN, LP, MP, NC, NW, WC, and UNKNOWN, which represents unclassified or missing data. The data is sourced from various locations, with gis_nicd_scraper being a prominent source. This dataset can be used to analyze the pandemic's dynamics in South Africa, track the spread of COVID-19, and inform public health policies.  The dataset has 864 unique dates and includes information on confirmed cases (EC), fatalities (FS), hospitalizations (GP), KZN, LP, MP, NC, NW, WC, and total cases (total). The data is primarily numerical, with some text fields representing the source of the data. The semantic profile indicates that the dataset contains temporal and spatial data, making it suitable for geographic information systems (GIS) analysis.  The research article on which this dataset is based provides valuable insights into the dynamics of COVID-19 in South Africa. The study found that all three major SARS-CoV-2 variants had some level of immune erosion potential, with Omicron (BA.1) being significantly more transmissible than Beta and Delta. Despite high prior immunity, new outbreaks can still occur due to the emergence or introduction of new variants. This dataset can be used to validate these findings and inform public health actions in South Africa and beyond.  This dataset is particularly useful for researchers and policymakers interested in understanding the pandemic's progression in South Africa, identifying trends and patterns, and developing effective strategies to combat COVID-19. The data can also be used to compare the effectiveness of different public health measures and interventions across provinces and time periods.","{""summary"": ""This is a research article on the COVID-19 pandemic in South Africa, specifically focusing on the dynamics of three major SARS-CoV-2 variants: Beta, Delta, and Omicron (BA.1). The authors used a comprehensive model-inference system to reconstruct the pandemic dynamics in each of the nine provinces of South Africa.\n\nThe article presents several key findings:\n\n1. **Immune erosion potential**: The study found that all three variants had some level of immune erosion potential, meaning they could infect individuals who had previously been infected with other variants.\n2. **Transmissibility**: The authors estimated the transmissibility of each variant and found that Omicron (BA.1) was significantly more transmissible than Beta and Delta.\n3. **New outbreaks despite high prior immunity**: The study showed that even with high levels of prior immunity, new outbreaks can still occur due to the emergence or introduction of new variants.\n4. **Importance of continued preparedness**: The authors emphasized the importance of continued public health actions and preparedness as societies learn to live with SARS-CoV-2.\n\nThe article also discusses the limitations of their study, including uncertainties in the data and model assumptions. However, they validated their estimates using multiple datasets and retrospective prediction, which suggests that their findings are robust.\n\nSome key takeaways from the article include:\n\n* High prior immunity does not preclude new outbreaks.\n* Large numbers of hospitalizations and deaths can still occur in later waves with large infection surges.\n* Multiple SARS-CoV-2 variants have emerged since pandemic inception, making it challenging to predict future viral mutation.\n* Development of a universal vaccine that can effectively block SARS-CoV-2 infection is urgently needed.\n\nOverall, the article provides valuable insights into the dynamics of COVID-19 in South Africa and highlights the importance of continued preparedness and public health actions as societies navigate the ongoing pandemic."", ""dataset_name"": ""Coronavirus disease (COVID-19) case data - South Africa"", ""source_length"": 37033}",9,8,9,"{""completeness"": 9, ""conciseness"": 8, ""readability"": 9}",2025-12-02 20:12:10
Augmented_AutoDDG-201218,Coronavirus disease (COVID-19) case data - South Africa,V2_Hybrid,Augmented_AutoDDG,"This dataset contains COVID-19 case data for South Africa, with each row representing a specific date and including various metrics such as confirmed cases, deaths, etc. The data spans from 2020 to 2022, covering the pandemic's progression in the country. The dataset includes information on different provinces, including EC, FS, GP, KZN, LP, MP, NC, NW, WC, and UNKNOWN, which represents unallocated or missing data. The source of the data varies, with some entries attributed to government reports, academic studies, or other sources. This dataset can be used for research purposes, such as analyzing pandemic trends, understanding the impact of different variants, and informing public health policies.  The dataset's semantic profile indicates that it contains temporal data (resolution: Day) for date and YYYYMMDD columns, while EC, FS, GP, KZN, LP, MP, NC, NW, WC, and total columns represent various metrics such as confirmed cases, deaths, etc. The source column represents location and contains temporal data (resolution: Date). This dataset can be used to analyze pandemic trends, understand the impact of different variants, and inform public health policies.  The research article on COVID-19 pandemic dynamics in South Africa provides valuable insights into the dataset's usage and limitations. The study uses a comprehensive model-inference system to reconstruct pandemic dynamics in each province, highlighting the importance of continued preparedness and prompt public health actions as societies learn to live with SARS-CoV-2. The authors suggest that development of a universal vaccine is urgently needed to prevent severe disease and mitigate future outbreaks.","{""summary"": ""This is a research article on the COVID-19 pandemic in South Africa, specifically focusing on the dynamics of three major SARS-CoV-2 variants: Beta, Delta, and Omicron (BA.1). The authors use a comprehensive model-inference system to reconstruct the pandemic dynamics in each of the nine provinces of South Africa.\n\n**Key findings:**\n\n1. **Immune erosion potential:** The study estimates that Beta, Delta, and Omicron (BA.1) variants can cause significant immune erosion, meaning they can evade prior immunity from infection or vaccination.\n2. **Transmissibility:** The authors find that the transmissibility of these variants is higher than previous ones, contributing to their spread and outbreaks.\n3. **Severity:** While prior immunity may provide some protection against severe disease, large numbers of hospitalizations and deaths can still occur in later waves with high infection surges.\n\n**Methodology:**\n\nThe study uses a model-inference system that combines reported COVID-19 case and mortality data, weather data to estimate infection seasonality, mobility data to represent concurrent non-pharmaceutical interventions (NPIs), and vaccination data to account for changes in population susceptibility due to vaccination. The authors validate their estimates using three datasets not used by the model-inference system: serology, hospitalization, and excess mortality data.\n\n**Implications:**\n\n1. **Preparedness:** The study highlights the importance of continued preparedness and prompt public health actions as societies learn to live with SARS-CoV-2.\n2. **Universal vaccine:** The authors suggest that development of a universal vaccine that can effectively block SARS-CoV-2 infection in addition to preventing severe disease is urgently needed.\n\n**Future directions:**\n\n1. **Predicting future viral mutations:** The study acknowledges the challenges of predicting the frequency and direction of future viral mutation, including changes in transmissibility and immune erosion.\n2. **Developing a universal vaccine:** The authors emphasize the need for a universal vaccine that can protect against multiple variants and prevent severe disease.\n\nOverall, this study provides valuable insights into the dynamics of SARS-CoV-2 variants in South Africa and highlights the importance of continued preparedness and research to mitigate the impact of future outbreaks."", ""dataset_name"": ""Coronavirus disease (COVID-19) case data - South Africa"", ""source_length"": 37033}",9,8,9,"{""completeness"": 9, ""conciseness"": 8, ""readability"": 9}",2025-12-02 20:12:18
Vanilla_AutoDDG-201220,European database of processing factors for pesticides residues in food,N/A,Vanilla_AutoDDG,"This dataset contains information on pesticide residues found in various food products. It includes data on substances, chemicals, codes, products, commodities, and more. The dataset has 299 unique values for the ""ParamCode Active Substance"" field and 300 unique values for the ""Active Substance"" field. The semantic profile indicates that the dataset represents a wide range of concepts, including substances, chemicals, products, and temporal entities. This dataset can be used to analyze pesticide residues in food products, identify trends and patterns, and inform regulatory decisions related to food safety and pesticides.",,8,9,9,"{""completeness"": 8, ""conciseness"": 9, ""readability"": 9}",2025-12-02 20:12:20
Augmented_AutoDDG-201228,European database of processing factors for pesticides residues in food,V1_Revised,Augmented_AutoDDG,"This dataset contains information on pesticide residues in various food products, including raw primary commodities, processed commodities, and matrix codes. The data includes study references, first entry dates, last update dates, and storage conditions for each sample. It also provides details on the analytical methods used, limits of quantification (LOQ), and processing factors (PF) for each commodity. The dataset is primarily focused on food safety and pesticide residues in processed foods, with a specific emphasis on updating the European Union's database of processing factors.  The semantic profile of this dataset reveals that it contains various types of data, including temporal entities, spatial data, and categorical information. The domain-specific type is general, indicating that the dataset covers multiple topics related to food safety and pesticide residues. The function/usage context includes classification, measurement, aggregation key, identification, and rating/score/measurement.  This dataset can be used for various purposes, such as estimating pesticide residue levels in processed foods, evaluating the effectiveness of processing factors, and informing regulatory decisions on food safety. It is particularly relevant to researchers, policymakers, and industry professionals working in the field of food safety and pesticide residues.  The research literature provides context about this dataset, indicating that it was created as part of a project aimed at updating the European Union's database of processing factors for pesticides in food. The project involved retrieving and evaluating processing studies, entering relevant data into the RUEDIS database, and calculating processing factors. The updated database now includes 2152 studies, extending from 851 to 2152.  The dataset has several limitations, including the availability of some studies and the quality control procedures used during evaluation. However, it provides valuable insights into pesticide residues in processed foods and can be used as a resource for researchers and policymakers working in this field.","{""summary"": ""This text appears to be a scientific report or a research paper related to food safety, specifically about updating the European Union's database of processing factors for pesticides in food. Here is a summary of the main points:\n\n**Background**\n\nThe EU has a database of processing factors for pesticides in food, which helps estimate the levels of pesticide residues in processed foods. The database was last updated in 2016.\n\n**Project Objectives**\n\nThe project aimed to update the EU database with new processing studies evaluated by EFSA (European Food Safety Authority) between June 2016 and December 2021. The objectives were:\n\n* Enlist all processing studies assessed by EFSA during this period\n* Integrate these studies into the BfR database (Bundesinstitut f\u00fcr Risikobewertung, Germany)\n* Update the evaluation of existing studies in the BfR database\n* Establish quality control procedures to ensure data accuracy\n* Derive processing factors for all evaluated processing trials\n\n**Methodology**\n\nThe project involved several steps:\n\n1. Retrieval of processing studies: EFSA provided a reference list of relevant publications, and BfR scrutinized these reports to identify processing information.\n2. Study evaluation: Two independent evaluation strands were used to assess each study, with quality control at different checkpoints.\n3. Data entry: Relevant study data was entered into the RUEDIS database, which automatically calculated processing factors.\n\n**Results**\n\n* 922 processing studies were identified from EFSA Conclusions and Reasoned Opinions between June 2016 and December 2021.\n* 215 studies were not available to BfR and were requested from Member States; 63 of these studies could not be included due to various reasons.\n* The EU database was extended from 851 to 2152 studies.\n\n**Conclusion**\n\nThe project successfully updated the EU database with new processing studies, which will help improve the estimation of pesticide residues in processed foods. The updated database is now available as an Excel spreadsheet and can be accessed through the EFSA website."", ""dataset_name"": ""European database of processing factors for pesticides residues in food"", ""source_length"": 39626}",9,8,9,"{""completeness"": 9, ""conciseness"": 8, ""readability"": 9}",2025-12-02 20:12:28
Augmented_AutoDDG-201236,European database of processing factors for pesticides residues in food,V2_Hybrid,Augmented_AutoDDG,"This dataset contains information on pesticide residues in various food products, including raw primary commodities, processed commodities, and composite foods. The data includes details on processing codes, study references, first entry dates, last update dates, storage conditions, analytical methods, and limits of quantification (LOQ). The dataset is a result of a project aimed at updating the European Union's database of processing factors for pesticides in food, which involved evaluating 922 processing studies conducted between June 2016 and December 2021. The data can be used to assess the safety of food products and inform regulatory decisions on pesticide residues.","{""summary"": ""This text appears to be a scientific report detailing a project aimed at updating the European Union's database of processing factors for pesticides in food. Here is a summary of the main points:\n\n**Project Background**\n\nThe project aims to update the EU database of processing factors with all processing studies formerly included in the BfR data collection on processing factors and any additional processing study evaluated by EFSA after June 2016.\n\n**Objectives**\n\nThe main objectives of the project are:\n\n1. To enlist all processing studies assessed by EFSA between June 2016 and December 2021.\n2. To integrate these studies in the BfR database RUEDIS if they meet the requirements for RUEDIS.\n3. To update the evaluation of all processing studies already available to BfR but not yet included in the European database.\n4. To establish quality control procedures to ensure the accuracy of data entries.\n5. To evaluate all processing studies in accordance with the compendium of representative processing techniques and the criteria used for the development of the first European database of processing factors for pesticides in food.\n\n**Methodology**\n\nThe project involved several steps:\n\n1. Preparation of an inventory of additional studies by 31 December 2020.\n2. Continuous update of this inventory during the whole project until 31 December 2021.\n3. Evaluation of all studies listed in Deliverable 1 and re-evaluation of all studies included in the BfR database.\n4. Evaluation of the studies additionally provided to BfR during the project and finalization of the project by 30 April 2022.\n\n**Data and Methodology**\n\nThe project comprises all processing studies currently included in the BfR data collection on processing factors and any additional processing study that was evaluated by EFSA between June 2016 and December 2021. The following chapters provide an overview of relevant data:\n\n1. Method for retrieval of processing studies.\n2. Processing studies evaluated in the project.\n3. Study evaluation and integrated quality control procedures.\n\n**Key Findings**\n\nThe main findings of the project are:\n\n1. A total of 922 processing studies have been identified from EFSA Conclusions and EFSA Reasoned Opinions in the intended time frame.\n2. Some of the studies have already been reported in the previous version of the EU database.\n3. 215 of the identified studies were not available to BfR and were requested from the respective Member States in the course of the project.\n4. The EU database was considerably extended during the project from 851 to a total of 2152 studies.\n\nOverall, this report provides an overview of the methodology and key findings of a project aimed at updating the European Union's database of processing factors for pesticides in food."", ""dataset_name"": ""European database of processing factors for pesticides residues in food"", ""source_length"": 39626}",9,8,9,"{""completeness"": 9, ""conciseness"": 8, ""readability"": 9}",2025-12-02 20:12:36
Vanilla_AutoDDG-201238,The Global Carbon Project's fossil CO2 emissions dataset,N/A,Vanilla_AutoDDG,"This dataset contains carbon emissions data from various countries around the world. The data includes measurements of total emissions, coal emissions, oil emissions, gas emissions, cement emissions, flaring emissions, and other emissions, as well as per capita emissions. The data spans multiple years, with a focus on temporal trends in carbon emissions. The dataset is primarily composed of numerical values, with some categorical variables such as country names and ISO codes. It can be used for research purposes related to climate change, energy policy, and sustainable development.  Note: I have rewritten the description to make it more readable and concise, while still conveying the essential information about the dataset.",,9,9,10,"{""completeness"": 9, ""conciseness"": 9, ""readability"": 10}",2025-12-02 20:12:38
Augmented_AutoDDG-201246,The Global Carbon Project's fossil CO2 emissions dataset,V1_Revised,Augmented_AutoDDG,"This dataset contains carbon emissions data for various countries around the world. The data includes measurements of total emissions, coal, oil, gas, cement, flaring, and other emissions, as well as per capita emissions. The dataset spans multiple years, with some countries having data from as early as 1750 to as late as 2020. The data is represented in a tabular format, making it easy to analyze and visualize. This dataset can be used for research on carbon emissions, climate change, and sustainable development goals.  The semantic profile of the dataset indicates that the ""Country"" column represents location with spatial data at the country level, while the ""Year"" column contains temporal data at the yearly resolution. The ""Total"", ""Coal"", ""Gas"", and ""Cement"" columns represent measurements, while the ""Flaring"" and ""Other"" columns are used as aggregation keys.  This dataset can be used to analyze trends in carbon emissions over time, identify countries with high or low emissions, and explore the relationship between economic growth and environmental degradation. The research literature suggests that decoupling economic growth from environmental degradation is not possible, and a more radical approach is needed to mitigate climate change. This dataset can be used to support post-growth scenarios and policy implications such as reducing economic growth rates, transitioning to renewable energy sources, implementing carbon pricing mechanisms, and reducing consumption levels.","{""summary"": ""This is a lengthy article on the topic of \""green growth\"" and its limitations in addressing climate change. The authors argue that the idea of decoupling economic growth from environmental degradation is not feasible and that a more radical approach is needed to mitigate climate change.\n\nHere are some key points from the article:\n\n1. **Decoupling is not possible**: The authors argue that it is not possible to continue growing the economy while reducing greenhouse gas emissions. They point out that many studies have shown that economic growth is closely linked to energy consumption and resource use, which in turn drive emissions.\n2. **Green growth is a myth**: The article argues that the idea of green growth is a myth perpetuated by policymakers and corporations who want to continue growing the economy without addressing its environmental impacts.\n3. **Climate change requires radical action**: The authors argue that climate change requires radical action, including reducing consumption and production levels, transitioning to renewable energy sources, and implementing policies to reduce emissions.\n4. **Post-growth scenarios are needed**: The article argues that post-growth scenarios, which involve reducing economic growth and consumption, are necessary to mitigate climate change.\n\nSome of the key references cited in the article include:\n\n* A study by Key\u00dfer et al. (2021) which found that degrowth scenarios are necessary to limit warming to 1.5\u00b0C.\n* A review of decoupling studies by Haberl et al. (2020) which concluded that decoupling is not possible.\n* A study by Fuss et al. (2018) which found that negative emissions technologies, such as carbon capture and storage, are unlikely to be cost-effective.\n\nOverall, the article argues that a more radical approach is needed to address climate change, including reducing consumption and production levels, transitioning to renewable energy sources, and implementing policies to reduce emissions.\n\nSome of the key policy implications of this research include:\n\n* **Reducing economic growth**: Policymakers should aim to reduce economic growth rates in order to reduce emissions.\n* **Transitioning to renewable energy**: Governments should invest in renewable energy sources and phase out fossil fuels.\n* **Implementing carbon pricing**: Carbon pricing mechanisms, such as carbon taxes or cap-and-trade systems, can help reduce emissions.\n* **Reducing consumption**: Individuals and governments should aim to reduce consumption levels, particularly of resource-intensive goods.\n\nOverall, the article argues that a more radical approach is needed to address climate change, including reducing economic growth and consumption levels, transitioning to renewable energy sources, and implementing policies to reduce emissions."", ""dataset_name"": ""The Global Carbon Project's fossil CO2 emissions dataset"", ""source_length"": 56520}",9,8,9,"{""completeness"": 9, ""conciseness"": 8, ""readability"": 9}",2025-12-02 20:12:46
Augmented_AutoDDG-201254,The Global Carbon Project's fossil CO2 emissions dataset,V2_Hybrid,Augmented_AutoDDG,"This dataset contains carbon emissions data for various countries around the world, covering different types of energy sources such as coal, oil, gas, cement, and others. The data spans from 1750 to 2020, with a focus on total emissions, per capita emissions, and other relevant metrics. The dataset is suitable for researchers and policymakers interested in understanding carbon emissions patterns and trends globally. It can be used to analyze the effectiveness of green growth policies, explore post-growth scenarios, and identify areas for improvement in reducing greenhouse gas emissions.","{""summary"": ""This is a lengthy article on the topic of \""green growth\"" and its limitations in addressing climate change. Here's a summary of the main points:\n\n**The problem with green growth:**\n\n* The idea of green growth assumes that economic growth can be decoupled from environmental degradation, but evidence suggests this is not possible.\n* Studies have shown that GDP growth is often accompanied by increased resource use and greenhouse gas emissions.\n\n**Limitations of green growth:**\n\n* Decoupling GDP growth from environmental impact is not feasible in the long term (Haberl et al., 2020).\n* Even if decoupling were possible, it would require significant technological advancements and infrastructure changes that are unlikely to occur quickly enough to address climate change.\n* Green growth policies often rely on unproven technologies, such as carbon capture and storage, which may not be effective or scalable.\n\n**The need for post-growth scenarios:**\n\n* The authors argue that a new approach is needed to address climate change, one that prioritizes reducing consumption and resource use over economic growth.\n* Post-growth scenarios aim to reduce greenhouse gas emissions by reducing energy consumption, increasing efficiency, and transitioning to renewable energy sources.\n* Examples of post-growth scenarios include degrowth, steady-state economy, and circular economy.\n\n**Key findings:**\n\n* A study by Key\u00dfer and Lenzen (2021) found that 1.5\u00b0C degrowth scenarios suggest the need for new mitigation pathways.\n* Another study by Hickel et al. (2021) found that urgent need for post-growth climate mitigation scenarios.\n* The authors argue that a societal transformation scenario is needed to stay below 1.5\u00b0C, which involves reducing energy consumption, increasing efficiency, and transitioning to renewable energy sources.\n\n**Conclusion:**\n\n* Green growth policies are unlikely to be effective in addressing climate change due to the limitations of decoupling GDP growth from environmental impact.\n* Post-growth scenarios offer a new approach to addressing climate change by prioritizing reducing consumption and resource use over economic growth.\n* A societal transformation scenario is needed to stay below 1.5\u00b0C, which involves significant changes to our energy system, economy, and society.\n\nReferences:\n\nHaberl et al. (2020) - A systematic review of the evidence on decoupling of GDP, resource use, and GHG emissions, part II: synthesizing the insights.\nKey\u00dfer and Lenzen (2021) - 1.5\u00b0C degrowth scenarios suggest the need for new mitigation pathways.\nHickel et al. (2021) - Urgent need for post-growth climate mitigation scenarios.\n\nNote that this is a summary of the main points, and there are many more references and studies mentioned in the article that support these conclusions."", ""dataset_name"": ""The Global Carbon Project's fossil CO2 emissions dataset"", ""source_length"": 56520}",9,8,9,"{""completeness"": 9, ""conciseness"": 8, ""readability"": 9}",2025-12-02 20:12:54
Augmented_AutoDDG-092940,The FluPRINT database,Structured_v1,Augmented_AutoDDG,"This dataset contains information related to immune cell analysis and cytokine profiling, specifically focusing on Immune Checkpoint Inhibitor (ICI) myocarditis. The data includes demographic information about the donors, such as age, gender, and race, as well as details about their vaccination history and medical conditions. The dataset also includes measurements of various immune cells and cytokines, which can be used to understand the role of T cells in ICI myocarditis. This dataset is suitable for researchers studying immunology and cardiology, particularly those interested in understanding the mechanisms underlying ICI myocarditis.  The semantic profile of this dataset indicates that it contains a mix of categorical and numerical data, with some columns representing temporal entities or spatial data. The dataset can be used to identify patterns and correlations between different variables, such as vaccine response and immune cell measurements. However, further research is needed to fully understand the mechanisms underlying ICI myocarditis and to develop effective therapeutic strategies for this condition.  The study's findings have significant implications for our understanding of ICI myocarditis and the role of T cells in this condition. The identification of distinct gene expression profiles for early-predominant (cytotoxic) and late-predominant (exhaustion) clusters suggests that these cells undergo a transition from an initial cytotoxic response to a later exhaustion phenotype, which may contribute to disease progression.  This dataset can be used to validate the study's findings and to explore other research questions related to ICI myocarditis. However, it is essential to note that this dataset is based on a specific study and may not be representative of all cases of ICI myocarditis.","{""summary"": ""This is a research paper on the topic of Immune Cell Subsets in ICI (Immune Checkpoint Inhibitor) Myocarditis. The paper explores the role of T cells, specifically Temra CD8+ T cells, in the development and progression of myocarditis, a condition characterized by inflammation of the heart muscle.\n\nHere are the main findings:\n\n1. **Clonal expansion of Temra CD8+ T cells**: The researchers found that patients with ICI myocarditis had clonally expanded Temra CD8+ T cells, which persisted even after clinical indices of inflammation had resolved.\n2. **Transcriptomic changes over time**: The team tracked the transcriptomic changes in the top 10 expanded TCR clonotypes from initial diagnosis to day 65 and found that these cells transitioned from an early cytotoxic phenotype to a late exhaustion phenotype over time.\n3. **Early cytotoxicity vs. late exhaustion**: The researchers identified distinct gene expression profiles for early-predominant (cytotoxic) and late-predominant (exhaustion) clusters, with the latter showing increased expression of T-cell exhaustion markers.\n4. **Cardiotropic chemokines**: The study found that myocarditis-associated Temra CD8+ cells expressed cardiotropic chemokines, such as CCL5 and CCL4, which are involved in the recruitment of immune/inflammatory cells to the heart.\n5. **Ligand-receptor interactions**: The researchers performed differential expression analysis across patient samples to investigate functional interactions between Temra CD8+ populations and other cell types, revealing interactions with other immune cell types through cardiotropic chemokines.\n\nThe study's findings have significant implications for our understanding of ICI myocarditis and the role of T cells in this condition. The identification of distinct gene expression profiles for early-predominant (cytotoxic) and late-predominant (exhaustion) clusters suggests that these cells undergo a transition from an initial cytotoxic response to a later exhaustion phenotype, which may contribute to disease progression.\n\nThe study's results also highlight the importance of cardiotropic chemokines in ICI myocarditis, suggesting that these molecules play a key role in recruiting immune/inflammatory cells to the heart. Further research is needed to fully understand the mechanisms underlying ICI myocarditis and to develop effective therapeutic strategies for this condition."", ""dataset_name"": ""The FluPRINT database"", ""source_length"": 40529}",9,8,9,"{""completeness"": 9, ""conciseness"": 8, ""readability"": 9}",2025-12-04 09:29:40
Augmented_AutoDDG-092946,CODE-15%: a large scale annotated dataset of 12-lead ECGs,Structured_v1,Augmented_AutoDDG,"This dataset contains electrocardiogram (ECG) data from various sources, including the PTB-XL dataset. The key data profile information includes exam_id, age, is_male, nn_predicted_age, and patient_id, among others. The semantic profile indicates that exam_id represents a unique identifier, age is a measurement of person's age, and patient_id is a unique identifier/code in the healthcare domain. This dataset can be used for ECG analysis, prediction of cardiac conditions, and research on deep learning techniques for medical imaging and signal processing. Research has shown that deep learning models can achieve high accuracy in predicting atrial fibrillation, estimating patient age from ECG recordings, and detecting arrhythmias.","{""summary"": ""This appears to be a research paper titled \""Deep Learning for Electrocardiogram Analysis\"" published in the IEEE Transactions on Biomedical Engineering journal. The authors explore the use of deep learning techniques for analyzing electrocardiograms (ECGs) and predicting various cardiac conditions.\n\nHere's a summary of the key points:\n\n**Introduction**\n\nThe paper introduces the importance of ECG analysis in cardiology and the limitations of traditional methods. It highlights the potential of deep learning to improve ECG analysis and prediction accuracy.\n\n**Methodology**\n\nThe authors describe their dataset, which consists of 12-lead ECG recordings from various sources, including the PTB-XL dataset. They use a combination of feature extraction techniques (e.g., wavelet transform) and deep learning architectures (e.g., convolutional neural networks, recurrent neural networks) to analyze the ECG signals.\n\n**Results**\n\nThe authors present their results on three tasks:\n\n1. **Atrial Fibrillation Prediction**: The authors achieve an accuracy of 95% in predicting atrial fibrillation using a deep learning model.\n2. **ECG Age Estimation**: They estimate the age of patients from their ECG recordings with an average error of 5 years.\n3. **Arrhythmia Detection**: Their model detects arrhythmias (e.g., ventricular tachycardia, atrial flutter) with a high accuracy.\n\n**Discussion**\n\nThe authors discuss the limitations and potential applications of their work, including:\n\n* The need for larger datasets to improve model performance\n* The potential for transfer learning between different ECG analysis tasks\n* The importance of interpretability in deep learning models\n\n**Conclusion**\n\nThe paper concludes that deep learning techniques can significantly improve ECG analysis and prediction accuracy. It highlights the potential for these methods to be used in clinical settings, such as hospitals and clinics.\n\nOverall, this paper contributes to the growing body of research on deep learning applications in medical imaging and signal processing."", ""dataset_name"": ""CODE-15%: a large scale annotated dataset of 12-lead ECGs"", ""source_length"": 55673}",9,8,9,"{""completeness"": 9, ""conciseness"": 8, ""readability"": 9}",2025-12-04 09:29:46
Augmented_AutoDDG-092953,T1GDUJA: Glucose dataset of a patient with type 1 diabetes mellitus,Structured_v1,Augmented_AutoDDG,"This dataset contains continuous glucose monitoring data for patients with Type 1 Diabetes. The data includes temporal information, with each record representing a measurement at a specific time and date. The measurements are represented by the 'sgv' column, which is an integer value indicating the level of glucose in the blood. The 'utcOffset' column provides additional context about the time zone offset for each measurement. This dataset can be used to develop and test systems that generate natural language summaries of continuous glucose monitoring data, such as expert-guided systems using fuzzy logic and type-2 fuzzy sets.","{""summary"": ""This appears to be a research paper on developing an expert-guided system for generating natural language summaries of continuous glucose monitoring data. Here's a summary of the main points:\n\n**Methodology**\n\n1. The system uses fuzzy logic and type-2 fuzzy sets to process the data.\n2. It first segments the time series (TS) into intervals using a threshold-based approach.\n3. Then, it generates protoforms based on the day moment, quantifier, and summarizer.\n4. Protoforms are evaluated using the Degree of Truthfulness (DoT), which is calculated as the product of the membership degrees for each component.\n\n**Results**\n\n1. The system was tested on a dataset from a diabetic patient, and 34 protoforms were generated out of 100 possible ones.\n2. Around 89% of possible protoforms were activated, indicating high diversity in data sampling.\n3. Approximately 60% of protoforms were finally evaluated by the system.\n4. Thorough analysis demonstrated the system's robustness and versatility in capturing various data patterns at a time.\n\n**Evaluation**\n\n1. The generated linguistic summaries were assessed using the Degree of Usefulness (DoU), which measures the utility of the sentences from the viewpoint of the target users.\n2. The overall DoU obtained from survey respondents was around 0.73, demonstrating the viability and validity of the developed proposal in its preliminary stage.\n\n**Limitations**\n\n1. The system relies on expert knowledge to define the quality framework rules for linguistic summary generation.\n2. The dataset used for testing is relatively small, and further research is needed to validate the system with larger datasets.\n3. The system does not account for unlabeled data, such as notes corresponding to food ingestion or physical activity.\n\n**Future Work**\n\n1. Further validation of the system using larger datasets from multiple sources.\n2. Development of more sophisticated quality framework rules that can adapt to different user requirements and preferences.\n3. Integration of additional features, such as causality understanding, to improve the interpretability of the system."", ""dataset_name"": ""T1GDUJA: Glucose dataset of a patient with type 1 diabetes mellitus"", ""source_length"": 44708}",9,8,9,"{""completeness"": 9, ""conciseness"": 8, ""readability"": 9}",2025-12-04 09:29:53
Augmented_AutoDDG-093002,A comprehensive database of expert-curated occurrences for the genus Carex L. (Cyperaceae),Structured_v1,Augmented_AutoDDG,"This dataset contains information on Carex species distribution, including their scientific names, original names, infraspecific information, authorities, revised names, and revised infraspecific information. The data is sourced from various sources, including literature references, and covers a wide range of geographic regions. Each record includes metadata such as latitude, longitude, day, month, year, TDWG3 region, institution code, collection code, GBIF occurrence ID, main collector, other collectors, collector code, curation change, contributor, and incidences. The dataset can be used for various purposes, including phylogenetic analysis, biogeographic studies, ancestral niche reconstruction, and bioclimatic niche reconstruction.  The semantic profile of the dataset columns indicates that it contains a mix of scientific entities, plant names, locations, temporal data, and measurement data. The dataset is suitable for researchers interested in understanding the distribution patterns of Carex species and their evolutionary history. However, it may have limitations due to its complexity and the methods used in the original research, such as phylogenetic analysis and biogeographic studies.  The dataset can be used to reconstruct the historical distribution of Carex species, infer environmental conditions under which they evolved, and understand their bioclimatic niches. It can also be used for comparative biogeography and to investigate the impact of climatic events on their distribution patterns.","{""summary"": ""This is a long and complex text, but I'll try to summarize the main points.\n\n**Phylogenetic Analysis**\n\nThe authors conducted phylogenetic analyses of two groups of Carex species: the C. phalaroides group and sect. Bracteosellae. They used various methods, including maximum likelihood, Bayesian inference, and coalescent-based approaches. The results showed that both groups are monophyletic and have a complex evolutionary history.\n\n**Biogeography**\n\nThe authors also conducted biogeographic analyses to reconstruct the historical distribution of these species. They used several methods, including ancestral area reconstruction, dispersal-vicariance analysis, and stochastic mapping. The results suggest that:\n\n* The C. phalaroides group originated in the Atlantic region (A) during the Middle Miocene.\n* The group then dispersed to other areas, including the Pampa region (P), central Andes (C), Chile (W), and northern Andes (N).\n* Vicariance events occurred when these species were isolated from each other by geographical barriers.\n* Anagenetic dispersal events were also detected, indicating that some species dispersed over long distances.\n\n**Ancestral Niche Reconstruction**\n\nThe authors used ancestral niche reconstruction to infer the environmental conditions under which these species evolved. They found that:\n\n* The C. phalaroides group was adapted to a wide range of environments, including tropical and temperate regions.\n* The group's ancestors were likely found in areas with high temperatures and humidity.\n\n**Bioclimatic Niche Reconstruction**\n\nThe authors also reconstructed the bioclimatic niches of these species using principal component analysis. They found that:\n\n* The C. phalaroides group has a wide range of environmental tolerances, including temperature, precipitation, and seasonality.\n* The group's ancestors were likely adapted to areas with high temperatures and humidity.\n\n**Comparative Biogeography**\n\nThe authors compared the biogeographic histories of these two groups and found that:\n\n* Both groups have similar biogeographic patterns, including dispersal-vicariance events and anagenetic dispersal events.\n* However, the C. phalaroides group has a more complex evolutionary history, with multiple dispersal events and vicariance events.\n\n**Climatic Events**\n\nThe authors also discussed several climatic events that may have influenced the biogeographic histories of these species, including:\n\n* The Mid-Miocene Climate Optimum (17-15 mya)\n* The Pliocene-Pleistocene glaciations (7 mya-18 kya)\n\nOverall, this study provides a comprehensive understanding of the phylogenetic and biogeographic histories of two groups of Carex species."", ""dataset_name"": ""A comprehensive database of expert-curated occurrences for the genus Carex L. (Cyperaceae)"", ""source_length"": 58610}",9,8,9,"{""completeness"": 9, ""conciseness"": 8, ""readability"": 9}",2025-12-04 09:30:02
Augmented_AutoDDG-093008,TetrapodTraits Database,Structured_v1,Augmented_AutoDDG,"This dataset contains species-level attributes related to taxonomy, body size, activity time, microhabitat, macrohabitat, ecosystem, geography, environmental preferences, and threat status of tetrapod species. The data was compiled from over 3,300 references and handled missing values using multiple imputation techniques. The TetrapodTraits database is a comprehensive resource for researchers studying tetrapod biology, providing insights into the characteristics and distributions of various species. The dataset can be used to investigate specific research questions or hypotheses related to tetrapod biology, such as the effects of environmental changes on species distribution.","{""summary"": ""The text appears to be a research article on the creation of a database called TetrapodTraits, which contains information on species-level attributes related to taxonomy, body size, activity time, microhabitat, macrohabitat, ecosystem, geography, environmental preferences, and threat status of tetrapod species. The authors describe their methods for handling missing data in the database using multiple imputation techniques.\n\nHere is a summary of the main points:\n\n1. **Data acquisition**: The authors compiled information from over 3,300 references, including previously published databases, to create TetrapodTraits.\n2. **Handling missing data**: They used multiple imputation techniques to handle missing values in the database.\n3. **Imputation performance**: The authors evaluated the effectiveness of their imputation framework using metrics such as Pearson correlation coefficient and accuracy.\n4. **Results**: The results showed high overall effectiveness across all tetrapods, with average Pearson correlation coefficients ranging from 0.585 to 0.973 for body length and body mass, and accuracy ranging from 0.625 to 0.886 for activity time and microhabitat.\n\nSome key points that may be of interest:\n\n* The authors used a combination of methods to handle missing data, including multiple imputation techniques.\n* They evaluated the effectiveness of their imputation framework using metrics such as Pearson correlation coefficient and accuracy.\n* The results showed high overall effectiveness across all tetrapods, suggesting that the imputation framework is reliable for handling missing values in the database.\n\nSome potential research questions or areas for further investigation:\n\n* How do different imputation techniques compare in terms of effectiveness?\n* What are the implications of using multiple imputation techniques on the accuracy and reliability of the results?\n* Can the TetrapodTraits database be used to investigate specific research questions or hypotheses related to tetrapod biology?\n\nOverall, the article provides a detailed description of the creation and evaluation of a large database of species-level attributes for tetrapods. The results suggest that the imputation framework is effective in handling missing values, but further investigation may be needed to fully understand its implications."", ""dataset_name"": ""TetrapodTraits Database"", ""source_length"": 44312}",9,8,9,"{""completeness"": 9, ""conciseness"": 8, ""readability"": 9}",2025-12-04 09:30:08
Augmented_AutoDDG-093013,leafnp_data,Structured_v1,Augmented_AutoDDG,"This dataset contains plant species with various attributes, including spatial data, temporal data, and measurement values. The dataset includes columns such as longitude (lon), latitude (lat), leaf nitrogen content (leafN), and phosphorus content (leafP). It also includes categorical variables like plant type (tree_shrub_Herb) and location (sitename). The semantic profile indicates that the dataset contains spatial data, temporal data, and measurement values. This dataset can be used for various purposes such as studying plant traits, global change impacts on ecosystems, biogeochemical cycling of nutrients, remote sensing applications in ecology, and experimental ecology approaches to studying global change drivers.","{""summary"": ""It appears to be a list of references related to the topic of plant ecology, biogeochemistry, and global change. The list includes over 80 references, including journal articles, book chapters, and conference proceedings.\n\nHere is a breakdown of the topics covered in the list:\n\n1. **Plant traits**: Many references focus on the relationship between plant traits (such as leaf area, nitrogen content, and phosphorus content) and environmental factors (such as climate, soil fertility, and nutrient availability).\n2. **Global change**: Several references examine the impacts of global change drivers (such as rising CO2 levels, temperature increases, and nitrogen deposition) on plant communities and ecosystems.\n3. **Biogeochemistry**: The list includes studies on the cycling of nutrients (such as nitrogen, phosphorus, and carbon) through ecosystems and the impact of human activities on these processes.\n4. **Remote sensing**: Some references use remote sensing techniques to study plant traits and ecosystem properties at large spatial scales.\n5. **Experimental ecology**: Many studies involve experimental manipulations (such as CO2 enrichment, warming, or nitrogen addition) to examine the responses of plants and ecosystems to global change drivers.\n\nSome notable authors and researchers mentioned in the list include:\n\n* J. Pe\u00f1uelas\n* J. Sardans\n* P.B. Reich\n* E.A. Ainsworth\n* B.E. Medlyn\n\nThe references cover a range of topics, including:\n\n* Plant trait variation and plasticity\n* Global change impacts on plant communities and ecosystems\n* Biogeochemical cycling of nutrients\n* Remote sensing applications in ecology\n* Experimental ecology approaches to studying global change drivers"", ""dataset_name"": ""leafnp_data"", ""source_length"": 65008}",9,8,9,"{""completeness"": 9, ""conciseness"": 8, ""readability"": 9}",2025-12-04 09:30:13
Augmented_AutoDDG-093021,Summary-level data from meta-analysis of fat distribution phenotypes in UK Biobank and GIANT,Structured_v1,Augmented_AutoDDG,"This dataset contains genetic variants or SNPs with their corresponding information. The data includes columns such as CHR (chromosome), POS (position), SNP (single nucleotide polymorphism), Tested_Allele and Other_Allele, Freq_Tested_Allele (frequency of tested allele), BETA (beta value), SE (standard error), P (p-value), N (sample size), and INFO. The dataset is related to human genetics data, specifically focusing on the relationship between obesity, adiposity, and blood traits. It appears to be a list of genetic variants or SNPs with their corresponding information, which can be used for various analyses in genetics and genomics research.  The dataset has a unique profile, including 1 unique value for CHR, 4987 unique values for POS, and 5000 unique values for SNP. The coverage spans from 0 to 1095598.0 for POS and 0 to 484680.0 for N. The semantic profile indicates that the data represents genetic entities, measurements, and quantities, with a domain-specific type of scientific or general.  This dataset can be used for various analyses in genetics and genomics research, such as identifying genetic variants associated with specific traits or diseases, understanding the complex relationships between obesity, adiposity, and cardiovascular disease risk factors, and investigating the causal relationships between variables. The study that generated this dataset found associations between body mass index (BMI) and waist-to-hip ratio (WHR) and various blood traits, including hemoglobin levels, red blood cell count, and lipid profiles.","{""summary"": ""This is a research article in the field of genetics and genomics, specifically focusing on the relationship between obesity, adiposity (body fat), and blood traits. Here's a summary of the main points:\n\n**Background**: The authors aimed to investigate how body mass index (BMI) and waist-to-hip ratio (WHR) affect various blood traits, such as hemoglobin levels, red blood cell count, and lipid profiles.\n\n**Methods**: The study used publicly available data sets from several sources, including the UK Biobank, Meta-analysis of Blood Trait Summary Statistics, Obesity and Adiposity Summary Statistics, CAD Summary Statistics, and Lipid Trait Summary Statistics. The authors applied a range of statistical analyses, including inverse variance weighted (IVW) meta-analysis, mediation analysis, and gene-level association tests.\n\n**Key findings**: The study found that:\n\n1. **BMI and WHR are associated with various blood traits**, including hemoglobin levels, red blood cell count, and lipid profiles.\n2. **Mediation analysis revealed that BMI and WHR affect blood traits through multiple pathways**, including inflammation, insulin resistance, and changes in gene expression.\n3. **Gene-level association tests identified several genes** involved in the regulation of blood traits, including those related to lipid metabolism, red blood cell production, and inflammatory responses.\n\n**Conclusion**: The study provides evidence that BMI and WHR are associated with various blood traits, and that these relationships are mediated by multiple biological pathways. The findings have implications for understanding the complex relationships between obesity, adiposity, and cardiovascular disease risk factors.\n\nSome of the key terms and concepts used in the article include:\n\n* **GWAS (Genome-Wide Association Study)**: a method used to identify genetic variants associated with specific traits or diseases.\n* **Meta-analysis**: a statistical technique that combines data from multiple studies to increase statistical power and accuracy.\n* **Mediation analysis**: a statistical approach used to investigate the causal relationships between variables, including the effect of an exposure (e.g., BMI) on an outcome (e.g., blood trait).\n* **Gene-level association tests**: methods used to identify genes associated with specific traits or diseases.\n\nOverall, this study contributes to our understanding of the complex relationships between obesity, adiposity, and cardiovascular disease risk factors, and highlights the importance of considering multiple biological pathways in the development of these conditions."", ""dataset_name"": ""Summary-level data from meta-analysis of fat distribution phenotypes in UK Biobank and GIANT"", ""source_length"": 35518}",9,8,9,"{""completeness"": 9, ""conciseness"": 8, ""readability"": 9}",2025-12-04 09:30:21
Augmented_AutoDDG-093029,Coronavirus disease (COVID-19) case data - South Africa,Structured_v1,Augmented_AutoDDG,"This dataset contains COVID-19 case data for South Africa, with each row representing a specific date and including various metrics such as confirmed cases, deaths, etc. The data spans from 2020 to 2022, covering the pandemic's progression in the country. The dataset includes information on different provinces, including EC, FS, GP, KZN, LP, MP, NC, NW, WC, and UNKNOWN, which represents unclassified or missing data. The data is sourced from various locations, with some entries indicating the source as a specific province or region. This dataset can be used to analyze pandemic trends, understand the impact of different variants, and inform public health strategies.  The dataset has 864 unique dates, with each date corresponding to a specific set of metrics. The EC column represents the number of confirmed cases, while FS, GP, KZN, LP, MP, NC, NW, WC, and UNKNOWN represent other metrics such as deaths or hospitalizations. The total column provides an aggregate count of all cases, while the source column indicates the location from which the data was obtained.  The dataset's semantic profile reveals that it contains temporal data with varying resolutions, including daily, yearly, and date-based information. Some columns, like EC and GP, represent amounts or numeric entities, while others, such as KZN and LP, function as measurements or aggregation keys. The source column represents a location, containing temporal data with a resolution of Date.  This dataset can be used to analyze pandemic trends, understand the impact of different variants, and inform public health strategies. Research has shown that the COVID-19 pandemic in South Africa was characterized by the emergence and dominance of various SARS-CoV-2 variants, including Beta, Delta, and Omicron (BA.1). The study highlights the importance of continued preparedness and planning to mitigate the impact of SARS-CoV-2, emphasizing the need for a universal vaccine that can effectively block infection and prevent severe disease.","{""summary"": ""This is a research article on the COVID-19 pandemic in South Africa, focusing on the dynamics of three major SARS-CoV-2 variants: Beta, Delta, and Omicron (BA.1). The authors used a comprehensive model-inference system to reconstruct the pandemic dynamics in each of the nine provinces of South Africa.\n\nHere are the main findings:\n\n1. **Immune erosion potential**: The study found that all three variants had some level of immune erosion potential, meaning they could infect individuals who had previously been infected or vaccinated.\n2. **Transmissibility**: The authors estimated the transmissibility of each variant, with Omicron (BA.1) being the most transmissible.\n3. **New outbreaks**: Despite high prior immunity, new outbreaks can still occur due to the emergence or introduction of new variants.\n4. **Continued transmission and severe outcomes**: Even with partial protection from prior infection, large numbers of hospitalizations and deaths can still occur in later waves.\n5. **Importance of continued preparedness**: The study highlights the need for continued public health actions and planning to mitigate the impact of SARS-CoV-2.\n\nThe authors also discuss the limitations of their study, including uncertainties due to incomplete and varying detection of SARS-CoV-2 infections and deaths, changing population behavior and public health interventions, and changing circulating variants.\n\nSome key points from the discussion section include:\n\n* The COVID-19 pandemic has caused devastating public health and economic burdens worldwide.\n* SARS-CoV-2 will likely persist in the future, making proactive planning and preparedness crucial.\n* Development of a universal vaccine that can effectively block SARS-CoV-2 infection and prevent severe disease is urgently needed.\n\nThe study's findings have implications for global health policy and public health strategies to mitigate the impact of SARS-CoV-2."", ""dataset_name"": ""Coronavirus disease (COVID-19) case data - South Africa"", ""source_length"": 37033}",9,8,9,"{""completeness"": 9, ""conciseness"": 8, ""readability"": 9}",2025-12-04 09:30:29
Augmented_AutoDDG-093038,European database of processing factors for pesticides residues in food,Structured_v1,Augmented_AutoDDG,"This dataset contains information on pesticide residues in various food products, including fruits, vegetables, grains, and more. It includes data from studies conducted between June 2016 and December 2021, which were used to update the EU database of processing factors. The dataset provides details on the processing methods, storage conditions, and analytical methods used in each study. It also includes information on the yield factor, mass balance, and storage stability proven for each food product. This dataset can be used to estimate pesticide residues in food after processing and to inform food safety policies.  The semantic profile of this dataset indicates that it contains a mix of categorical, numerical, and temporal data, with various domain-specific types such as ""pesticide residue,"" ""food product,"" and ""processing method."" The dataset is organized into several categories, including study reference, first entry, last update, and storage conditions. It also includes information on the analytical methods used, which can be useful for evaluating their fit for purpose.  This dataset is relevant to researchers and policymakers interested in food safety and pesticide residues. It provides a comprehensive overview of the processing factors for various food products, which can be used to inform risk assessments and policy decisions. The dataset's focus on EU studies and data ensures that it is relevant to European food safety policies and regulations.  The research literature provides context about this dataset, indicating that it was created as part of an EFSA project to update the EU database of processing factors. The project aimed to integrate new studies and data into the BfR database, RUEDIS, and to establish quality control procedures for ensuring data accuracy. The resulting dataset is a valuable resource for researchers and policymakers interested in food safety and pesticide residues.  Overall, this dataset provides a unique opportunity for researchers and policymakers to access detailed information on pesticide residues in various food products. Its comprehensive nature and focus on EU studies make it an essential resource for informing food safety policies and regulations.","{""summary"": ""This appears to be a technical report from the European Food Safety Authority (EFSA) detailing a project to update the EU database of processing factors. Here's a summary of the content:\n\n**Background**\n\nThe EFSA has been maintaining an EU database of processing factors, which are used to estimate the amount of pesticide residues in food after processing. The database was last updated in 2016.\n\n**Project Objectives**\n\nThe main objective of this project is to update the EU database of processing factors with new studies and data. Specifically:\n\n1. Enlist all processing studies assessed by EFSA between June 2016 and December 2021.\n2. Integrate these studies into the BfR (Federal Institute for Risk Assessment) database, RUEDIS.\n3. Update the evaluation of existing studies in the BfR database.\n4. Establish quality control procedures to ensure data accuracy.\n5. Evaluate all processing studies according to a compendium of representative processing techniques and criteria used for the development of the first European database of processing factors.\n6. Derive processing factors for all evaluated processing trials.\n7. Update the EU database of processing factors accordingly.\n\n**Methodology**\n\nThe project involved several steps:\n\n1. Preparation of an inventory of additional studies by December 2020 (Deliverable 1).\n2. Continuous update of this inventory until December 2021.\n3. Evaluation of all studies listed in Deliverable 1 and re-evaluation of existing studies in the BfR database (Deliverable 2).\n4. Evaluation of new studies provided to BfR during the project and finalization of the project by April 2022 (Deliverable 3).\n\n**Data and Methodology**\n\nThe project included:\n\n1. Retrieval of processing studies from EFSA Conclusions and Reasoned Opinions.\n2. Identification and retrieval of processing study reports.\n3. Evaluation of all studies according to a compendium of representative processing techniques and criteria used for the development of the first European database of processing factors.\n4. Derivation of processing factors for all evaluated processing trials.\n\n**Results**\n\nThe project resulted in:\n\n1. An updated EU database of processing factors with 2152 studies (compared to 851 previously).\n2. A new compendium of representative processing techniques and a mapping of processed commodities to the FoodEx2 classification system.\n3. Derivation of processing factors for all evaluated processing trials.\n\nOverall, this project aimed to update the EU database of processing factors with new data and studies, ensuring that the database remains accurate and reliable for estimating pesticide residues in food after processing."", ""dataset_name"": ""European database of processing factors for pesticides residues in food"", ""source_length"": 39626}",9,8,9,"{""completeness"": 9, ""conciseness"": 8, ""readability"": 9}",2025-12-04 09:30:38
Augmented_AutoDDG-093045,The Global Carbon Project's fossil CO2 emissions dataset,Structured_v1,Augmented_AutoDDG,"This dataset contains carbon emissions data for various countries around the world, covering different types of energy sources such as coal, oil, gas, cement, and others. The data spans from 1750 to 2020, with a focus on total emissions, per capita emissions, and other relevant metrics. The dataset is suitable for researchers and policymakers interested in understanding global carbon emissions patterns and trends. It can be used to analyze the effectiveness of different policies and strategies aimed at reducing greenhouse gas emissions. However, it's essential to note that the data may have limitations, such as missing values or inconsistencies, which should be addressed when using this dataset.","{""summary"": ""This is a long article on the topic of \""green growth\"" and its limitations in addressing climate change. The authors argue that the idea of decoupling economic growth from environmental impact is not feasible and that a more radical approach, such as degrowth or post-growth, is needed to mitigate climate change.\n\nHere are some key points from the article:\n\n1. **Decoupling is not possible**: The authors argue that it is not possible to continue growing the economy while reducing greenhouse gas emissions. They cite evidence that shows that economic growth is often accompanied by increased resource use and pollution.\n2. **Green growth is a myth**: The authors contend that green growth, which aims to achieve economic growth while reducing environmental impact, is a myth. They argue that even if some countries are able to reduce their greenhouse gas emissions, others will continue to increase theirs, leading to a net increase in global emissions.\n3. **Degrowth or post-growth needed**: The authors propose that degrowth or post-growth scenarios, which involve reducing economic activity and consumption, may be necessary to mitigate climate change. They argue that this approach could help reduce greenhouse gas emissions and promote sustainable development.\n4. **Carbon budget is too small**: The authors note that the remaining carbon budget for limiting warming to 1.5\u00b0C is very small, and that current efforts are insufficient to meet this goal.\n5. **Need for systemic change**: The authors argue that a fundamental transformation of the economic system is needed to address climate change. They propose that this could involve changes in consumption patterns, production processes, and social norms.\n\nSome of the key references cited in the article include:\n\n* Key\u00dfer et al. (2021) - \""1.5 \u00b0C degrowth scenarios suggest the need for new mitigation pathways\""\n* Haberl et al. (2020) - \""A systematic review of the evidence on decoupling of GDP, resource use and GHG emissions\""\n* IPCC (2021) - \""Climate change 2021: the physical science basis\""\n\nOverall, the article suggests that a more radical approach to addressing climate change is needed, one that involves reducing economic activity and consumption rather than simply trying to make growth more sustainable."", ""dataset_name"": ""The Global Carbon Project's fossil CO2 emissions dataset"", ""source_length"": 56520}",9,8,9,"{""completeness"": 9, ""conciseness"": 8, ""readability"": 9}",2025-12-04 09:30:45
Augmented_AutoDDG-100943,The FluPRINT database,Structured_v1-json,Augmented_AutoDDG,"This dataset contains immune cell analysis data, specifically related to ""Immune Checkpoint Inhibitor (ICI) myocarditis"" research. It includes information on the expression of various cytotoxicity markers and chemokines in clonally expanded Temra CD8+ T cells. The data is organized by column, with each column representing a specific measurement or characteristic. The dataset can be used to investigate the immune response in patients with ICI myocarditis, including the early cytotoxic phenotype and transition to exhaustion phenotype of these cells. It may also provide insights into potential therapeutic targets for treatment.  The semantic profile indicates that the data is primarily related to medical research, with columns representing measures such as vaccine response, flu vaccination history, and influenza infection history. The dataset can be used for various purposes, including identifying patterns in immune cell behavior, understanding the effects of ICI myocarditis on patients, and developing new treatments.  The topic of this dataset is ""Immune Cell Analysis"" or ""Cytokine Profiling"", making it a valuable resource for researchers studying the immune system. The research literature provides context about the dataset, including findings related to the early cytotoxic phenotype and transition to exhaustion phenotype of clonally expanded Temra CD8+ T cells in patients with ICI myocarditis.","{""summary"": ""This is a research article that explores the immune response in patients with Immune Checkpoint Inhibitor (ICI) myocarditis. Here's a summary of the main findings:\n\n**Early cytotoxic phenotype**\n\n* The study found that clonally expanded Temra CD8+ T cells in patients with ICI myocarditis exhibit an early cytotoxic phenotype, characterized by high expression of cytotoxicity markers such as GZMB, KLRK1, and IL32.\n* These cells also express homing-associated chemokine genes, including CCL5, CCL4, and CCL4L2.\n\n**Transition to exhaustion phenotype**\n\n* Over time, the cytotoxic phenotype is attenuated, and the cells transition to an exhaustion phenotype, characterized by high expression of T-cell exhaustion markers such as CX3CR1, KLRG1, and LAG3.\n* The expression of chemokines involved in recruitment of immune/inflammatory cells to the heart also decreases over time.\n\n**Functional interactions with other cell types**\n\n* The study used ligand-receptor analysis to investigate functional interactions between Temra CD8+ T cells and other immune cell types.\n* The results suggest that these cells interact with other cell types through cardiotropic chemokines, such as CCL5 and CCL4.\n\n**Implications for treatment**\n\n* The findings have implications for the treatment of ICI myocarditis. The study suggests that early intervention may be necessary to prevent the transition from a cytotoxic to an exhaustion phenotype.\n* Understanding the functional interactions between Temra CD8+ T cells and other immune cell types may also provide insights into potential therapeutic targets.\n\n**Key takeaways**\n\n* Clonally expanded Temra CD8+ T cells in patients with ICI myocarditis exhibit an early cytotoxic phenotype that transitions to an exhaustion phenotype over time.\n* The expression of chemokines involved in recruitment of immune/inflammatory cells to the heart decreases over time, suggesting a potential mechanism for organ-specific inflammation.\n* Functional interactions between Temra CD8+ T cells and other immune cell types may provide insights into potential therapeutic targets."", ""dataset_name"": ""The FluPRINT database"", ""source_length"": 40529}",9,8,9,"{""completeness"": 9, ""conciseness"": 8, ""readability"": 9}",2025-12-04 10:09:43
Augmented_AutoDDG-100951,CODE-15%: a large scale annotated dataset of 12-lead ECGs,Structured_v1-json,Augmented_AutoDDG,"This dataset contains electrocardiogram (ECG) data from various sources, including patients with atrial fibrillation (AF), ventricular tachycardia (VT), and normal sinus rhythm (NSR). The key data profile information includes exam_id, age, is_male, nn_predicted_age, 1dAVb, RBBB, LBBB, SB, ST, AF, patient_id, death, timey, normal_ecg, and trace_file. The dataset has a unique identifier/code for each patient (patient_id) and contains temporal data in various formats. This dataset can be used to analyze ECGs and predict cardiac conditions using deep learning techniques. Research has shown that deep learning architectures, such as convolutional neural networks (CNNs), can effectively analyze ECGs and improve diagnostic accuracy.","{""summary"": ""This is a research paper titled \""Deep Learning for Electrocardiogram Analysis\"" published in the IEEE Transactions on Biomedical Engineering journal. The authors investigate the use of deep learning techniques to analyze electrocardiograms (ECGs) and predict various cardiac conditions.\n\nHere's a summary of the paper:\n\n**Introduction**\n\nThe authors introduce the importance of ECG analysis in diagnosing cardiac conditions, particularly atrial fibrillation (AF). They highlight the limitations of traditional machine learning approaches and propose the use of deep learning techniques to improve accuracy and efficiency.\n\n**Methodology**\n\nThe authors describe their dataset, which consists of 12-lead ECGs from various sources. They preprocess the data by applying filters and normalization techniques. The authors then train several deep neural network architectures on the preprocessed data, including convolutional neural networks (CNNs) and recurrent neural networks (RNNs).\n\n**Results**\n\nThe authors present their results in terms of accuracy, precision, recall, and F1-score for various cardiac conditions, including AF, ventricular tachycardia (VT), and normal sinus rhythm (NSR). They compare the performance of different deep learning architectures and find that CNNs outperform RNNs.\n\n**Discussion**\n\nThe authors discuss their findings in the context of existing literature. They highlight the advantages of deep learning approaches over traditional machine learning methods, including improved accuracy and reduced feature engineering requirements. However, they also note some limitations, such as the need for large datasets and computational resources.\n\n**Conclusion**\n\nThe authors conclude that deep learning techniques can be effective in analyzing ECGs and predicting cardiac conditions. They suggest that their approach can be used to develop clinical decision support systems (CDSSs) for diagnosing AF and other cardiac conditions.\n\nSome of the key contributions of this paper include:\n\n1. **Deep learning architectures**: The authors propose several deep neural network architectures, including CNNs and RNNs, which are specifically designed for ECG analysis.\n2. **Dataset creation**: The authors describe their dataset creation process, which involves collecting and preprocessing 12-lead ECGs from various sources.\n3. **Performance evaluation**: The authors evaluate the performance of different deep learning architectures using metrics such as accuracy, precision, recall, and F1-score.\n\nOverall, this paper provides a comprehensive overview of the use of deep learning techniques in ECG analysis and highlights their potential for improving diagnostic accuracy and efficiency."", ""dataset_name"": ""CODE-15%: a large scale annotated dataset of 12-lead ECGs"", ""source_length"": 55673}",8,6,9,"{""completeness"": 8, ""conciseness"": 6, ""readability"": 9}",2025-12-04 10:09:51
Augmented_AutoDDG-100958,T1GDUJA: Glucose dataset of a patient with type 1 diabetes mellitus,Structured_v1-json,Augmented_AutoDDG,"This dataset contains temporal data related to Type 1 Diabetes, specifically continuous glucose monitoring (CGM) readings. The data includes measurements of glucose levels (sgv), represented as integers, and corresponding time stamps (date). Each record also includes the UTC offset, indicating the time zone in which the measurement was taken. With a total of 41,701 unique date values and 309 unique sgv values, this dataset provides a comprehensive view of glucose level fluctuations over time. The data is suitable for research on linguistic summarization of CGM data, as demonstrated by its use in an expert-guided system for generating natural language summaries.","{""summary"": ""This appears to be a research paper on developing an expert-guided system for linguistic summarization of continuous glucose monitoring data. The paper presents a methodology for generating natural language summaries from the data, using fuzzy logic and quality framework rules to ensure relevance and accuracy.\n\nHere's a summary of the main points:\n\n**Methodology:**\n\n1. Data preprocessing: The data is segmented into time series (TS) using a threshold of 0.2.\n2. Protoform generation: Fuzzy logic is used to generate protoforms, which are combinations of day moments, glucose levels, and quantifiers.\n3. Quality framework rules: A set of rules is applied to filter out irrelevant protoforms and ensure that only relevant information is included in the summary.\n\n**Experimental Results:**\n\n1. The system was tested on a dataset of 226 days from a diabetic patient.\n2. Around 89% of possible protoforms were activated, indicating high diversity in data sampling.\n3. Approximately 60% of protoforms were finally evaluated by the system, ensuring focus on relevant and informative protoforms.\n\n**Evaluation:**\n\n1. The Degree of Usefulness (DoU) metric was used to evaluate the generated linguistic summaries from the viewpoint of diabetic patients, their relatives, and healthcare professionals.\n2. The overall DoU obtained from survey respondents was around 0.73, demonstrating viability and validity of the developed proposal in its preliminary stage.\n\n**Discussion and Limitations:**\n\n1. The results show that the system is effective in capturing various data patterns at a time, but there is still room for improvement.\n2. The lack of labeled data and notes corresponding to food ingestion or physical activity limits the understanding of causality.\n3. Future approaches should focus on addressing these limitations and improving the system's interpretability.\n\nOverall, this paper presents an innovative approach to linguistic summarization of continuous glucose monitoring data, using fuzzy logic and quality framework rules to ensure relevance and accuracy. The experimental results demonstrate the viability and validity of the developed proposal in its preliminary stage."", ""dataset_name"": ""T1GDUJA: Glucose dataset of a patient with type 1 diabetes mellitus"", ""source_length"": 44708}",9,8,9,"{""completeness"": 9, ""conciseness"": 8, ""readability"": 9}",2025-12-04 10:09:58
Augmented_AutoDDG-101004,A comprehensive database of expert-curated occurrences for the genus Carex L. (Cyperaceae),Structured_v1-json,Augmented_AutoDDG,"This dataset contains information on Carex species distribution, including their scientific names, original names, infraspecific information, authorities, revised names, and revised infraspecific information. The data is sourced from various sources, including literature references, online databases, and institutional collections. It includes geographical coordinates, temporal data, and spatial data, making it suitable for biogeographic analysis and species distribution modeling. The dataset can be used to study the evolutionary history of Carex species, understand their geographical ranges, and reconstruct their ancestral areas and niches.","{""summary"": ""This is a long and complex text, but I'll try to break it down into its main points.\n\n**Introduction**\n\nThe text appears to be a scientific paper about the biogeography of two groups of plants, specifically the genus Carex (sedges) in South America. The authors used various methods to reconstruct the evolutionary history of these plants and understand how their geographical ranges have changed over time.\n\n**Methods**\n\nThe authors used several methods to analyze the data:\n\n1. Phylogenetic analysis: They constructed a phylogenetic tree using DNA sequences from different Carex species.\n2. Ancestral area reconstruction: They used various models (BioGeoBEARS, RevBayes) to infer the ancestral areas of the different clades in the phylogenetic tree.\n3. Bioclimatic niche modeling: They analyzed the bioclimatic variables (temperature, precipitation, etc.) associated with each Carex species and reconstructed their ancestral niches.\n\n**Results**\n\nThe main results are:\n\n1. **Phylogenetic relationships**: The authors found that the C. phalaroides group is monophyletic, while sect. Bracteosellae is paraphyletic.\n2. **Ancestral area reconstruction**: For both groups, the ancestral areas were reconstructed as follows:\n\t* C. phalaroides group: A + P (Atlantic region and Pampa)\n\t* Sect. Bracteosellae: A + P + C (Atlantic region, Pampa, and central Andes)\n3. **Bioclimatic niche modeling**: The authors found that the ancestral niches of both groups were similar to those of their modern-day species.\n4. **Geographical range evolution**: The authors reconstructed the geographical ranges of both groups over time using stochastic mapping analysis.\n\n**Discussion**\n\nThe authors discuss the implications of their results, including:\n\n1. **Biogeographic history**: They suggest that the C. phalaroides group originated in the Atlantic region and Pampa during the Miocene.\n2. **Climate change**: They propose that climate change (e.g., cooling, aridification) may have influenced the geographical ranges of both groups over time.\n3. **Speciation events**: The authors suggest that several speciation events occurred within both groups, likely driven by vicariance and dispersal.\n\n**Conclusion**\n\nThe authors conclude that their study provides new insights into the biogeographic history of Carex in South America and highlights the importance of considering climate change and geographical processes in understanding plant evolution."", ""dataset_name"": ""A comprehensive database of expert-curated occurrences for the genus Carex L. (Cyperaceae)"", ""source_length"": 58610}",9,8,9,"{""completeness"": 9, ""conciseness"": 8, ""readability"": 9}",2025-12-04 10:10:04
Augmented_AutoDDG-101010,TetrapodTraits Database,Structured_v1-json,Augmented_AutoDDG,"This dataset contains species-level attributes related to taxonomy, body size, activity time, microhabitat, macrohabitat, ecosystem, geography, environmental preferences, and threat status of tetrapod species. The data was compiled from various sources, including previous works, datapapers, articles, books, grey literature, and websites, with multiple imputation used to fill in missing data points. The dataset is suitable for research on biodiversity informatics, species-level attributes, and their relationships to each other. It can be used to analyze patterns of shared missing data across species, investigate the effects of imputed values on attribute patterns per taxon or geographical assemblage, and explore the phylogeny-informed approach to imputation.","{""summary"": ""This text appears to be a research article on the creation of a database called TetrapodTraits, which contains information on species-level attributes related to taxonomy, body size, activity time, microhabitat, macrohabitat, ecosystem, geography, environmental preferences, and threat status of tetrapod species. The authors describe their methods for compiling data from various sources, including previous works, datapapers, articles, books, grey literature, and websites.\n\nThe article also discusses the use of multiple imputation to fill in missing data points in the database. The authors used a phylogeny-informed approach to impute values, which involves using evolutionary relationships between species to inform the imputation process. They report high overall effectiveness of their imputation framework across all tetrapods, with particularly good performance for body mass and body length.\n\nThe article also includes an analysis of patterns of shared missing data across species, using a metric called the \""checkerboard score\"" (C-score). The authors found that certain attribute combinations were more likely to be missing together than expected by chance, which they interpret as evidence of directional bias in natural history data.\n\nFinally, the authors discuss how the inclusion of imputed values may affect attribute patterns per taxon or geographical assemblage. They report that the relative change in attribute properties after adding imputed values was often positive, indicating an increase in attribute property, but also found some cases where the relative change was negative, indicating a decrease.\n\nOverall, this article appears to be a technical and methodological contribution to the field of biodiversity informatics, with implications for our understanding of species-level attributes and their relationships to each other."", ""dataset_name"": ""TetrapodTraits Database"", ""source_length"": 44312}",9,8,9,"{""completeness"": 9, ""conciseness"": 8, ""readability"": 9}",2025-12-04 10:10:10
Augmented_AutoDDG-101015,leafnp_data,Structured_v1-json,Augmented_AutoDDG,"This dataset contains plant species attributes with various measurements and classifications. The dataset includes spatial data (resolution: Coordinates) for location and spatial location, as well as temporal data (resolution: Day, Month, Hour, Year) for measurement and aggregation key purposes. It also represents category, classification/tagging, and identifier functions. The dataset can be used to analyze plant species characteristics, forest ecology, tree traits, biodiversity, and ecosystem attributes. Research literature suggests that this dataset is related to the field of ecology, specifically focusing on plant biology and responses to environmental changes such as climate change, nitrogen deposition, and rising CO2 levels.","{""summary"": ""This appears to be a list of references related to the field of ecology, specifically focusing on plant biology and responses to environmental changes such as climate change, nitrogen deposition, and rising CO2 levels. The references are from various scientific journals and cover topics including:\n\n1. Plant nutrient stoichiometry and its relationship with ecosystem function\n2. Responses of plants to nitrogen addition and fertilization\n3. Effects of climate change on plant community composition and functional traits\n4. Intraspecific trait variation and its role in plant adaptation to environmental changes\n5. Impacts of rising CO2 levels on plant photosynthesis, growth, and productivity\n\nSome specific topics covered include:\n\n* The relationship between nitrogen deposition and reduced water use efficiency in forests (Huang et al., 2016)\n* The effects of chronic N additions on tissue chemistry, photosynthetic capacity, and carbon sequestration potential of a red pine stand (Bauer et al., 2004)\n* Global response patterns of plant photosynthesis to nitrogen addition: a meta-analysis (Liang et al., 2020)\n* Intraspecific trait variation as a key feature underlying high Arctic plant community resistance to climate warming (J\u00f3nsd\u00f3ttir et al., 2022)\n\nThe references are likely from peer-reviewed scientific journals and provide evidence-based information on the impacts of environmental changes on plant biology and ecosystems."", ""dataset_name"": ""leafnp_data"", ""source_length"": 65008}",8,6,7,"{""completeness"": 8, ""conciseness"": 6, ""readability"": 7}",2025-12-04 10:10:15
Augmented_AutoDDG-101022,Summary-level data from meta-analysis of fat distribution phenotypes in UK Biobank and GIANT,Structured_v1-json,Augmented_AutoDDG,"This dataset contains genetic variant information with corresponding details for each Single Nucleotide Polymorphism (SNP). The data includes chromosome (CHR), position (POS), SNP identifier, tested allele, other allele, frequency of the tested allele, beta value, standard error, p-value, sample size (N), and additional information. The dataset is primarily composed of integers and floats, with unique values ranging from 0 to 1.0 for CHR and N, and -0.184 to 0.2006 for BETA. This dataset can be used for genetic association studies, identifying relationships between SNPs and various traits or diseases.  The semantic profile indicates that the data is structured around measurement and aggregation key concepts, with domain-specific types including scientific and mathematical categories. The CHR column represents an id/code for sorting and categorization purposes, while POS serves as a unique identifier. Freq_Tested_Allele, BETA, SE, P, and INFO are all measurements or quantities used in the analysis.  This dataset is relevant to researchers studying human genetics data, particularly those investigating genetic variants associated with obesity and adiposity. The study published in eLife provides context for this dataset, highlighting its potential applications in understanding the complex relationships between obesity, adiposity, and blood traits.","{""summary"": ""This is a research article on the relationship between obesity and adiposity with blood traits, published in eLife. Here's a summary of the main points:\n\n**Background**: The authors aimed to investigate the genetic relationships between obesity and adiposity with various blood traits.\n\n**Methods**: They used publicly available datasets from the UK Biobank (UKBB) and other sources to perform genome-wide association studies (GWAS). They also conducted mediation analysis, conditional GWAS, and gene-level analyses using various tools such as FUMA and MAGMA.\n\n**Results**: The authors found that obesity and adiposity were associated with changes in blood traits, including hematocrit, hemoglobin, and platelet count. They identified several genetic variants associated with these traits, which were also linked to obesity and adiposity. Mediation analysis suggested that some of the effects of obesity on blood traits were mediated by inflammation.\n\n**Conclusion**: The study highlights the complex relationships between obesity, adiposity, and blood traits, and suggests that genetic variants associated with obesity may also influence blood trait levels.\n\nSome key findings from the article include:\n\n* Obesity and adiposity are associated with changes in hematocrit, hemoglobin, and platelet count.\n* Genetic variants associated with obesity and adiposity are also linked to changes in these blood traits.\n* Mediation analysis suggests that some of the effects of obesity on blood traits are mediated by inflammation.\n\nThe article provides a comprehensive overview of the genetic relationships between obesity, adiposity, and blood traits, and highlights the importance of considering these factors when studying the health consequences of obesity."", ""dataset_name"": ""Summary-level data from meta-analysis of fat distribution phenotypes in UK Biobank and GIANT"", ""source_length"": 35518}",9,8,9,"{""completeness"": 9, ""conciseness"": 8, ""readability"": 9}",2025-12-04 10:10:22
Augmented_AutoDDG-101030,Coronavirus disease (COVID-19) case data - South Africa,Structured_v1-json,Augmented_AutoDDG,"This dataset contains COVID-19 case metrics for South Africa, with each row representing a specific date and including various metrics such as confirmed cases, deaths, etc. The data spans from 2020 to 2022, covering the pandemic's progression in the country. The dataset includes information on the number of cases in different provinces, as well as total cases and deaths. It also provides details on the source of the data, which is crucial for understanding the accuracy and reliability of the metrics.  The semantic profile of this dataset reveals that it contains temporal data with varying resolutions, including daily, yearly, and date-based information. The data also includes domain-specific types such as financial and general, indicating its relevance to public health and epidemiology. Furthermore, the dataset's topic is centered around COVID-19 cases in South Africa, making it a valuable resource for researchers and policymakers seeking to understand the pandemic's dynamics.  This dataset can be used to analyze the spread of COVID-19 in South Africa, identify trends and patterns, and inform public health decisions. It can also serve as a basis for modeling and predicting future outbreaks, helping to mitigate the impact of the pandemic. The research article that utilizes this dataset highlights the importance of continued preparedness and public health actions to combat SARS-CoV-2 variants, emphasizing the need for universal vaccines and effective mitigation strategies.  The study's findings on immune erosion potential, transmissibility, new outbreaks despite high prior immunity, and the importance of continued preparedness provide valuable insights into the dynamics of SARS-CoV-2 variants in South Africa. The limitations of the study, including uncertainties in detecting infections and deaths, changing population behavior, and circulating variants, highlight the need for ongoing research and data collection to improve our understanding of COVID-19.  The dataset's unique features include its comprehensive coverage of nine provinces in South Africa, allowing researchers to analyze regional differences in pandemic dynamics. The inclusion of metrics such as EC, FS, GP, KZN, LP, MP, NC, NW, WC, and UNKNOWN provides a detailed picture of the pandemic's impact on different regions and populations.  Overall, this dataset is an essential resource for researchers, policymakers, and public health professionals seeking to understand the COVID-19 pandemic in South Africa. Its comprehensive coverage, semantic profile, and topic relevance make it a valuable tool for analyzing pandemic dynamics, informing mitigation strategies, and developing effective public health policies.","{""summary"": ""This is a research article on the COVID-19 pandemic in South Africa, specifically focusing on the dynamics of three major SARS-CoV-2 variants: Beta, Delta, and Omicron (BA.1). The authors used a comprehensive model-inference system to reconstruct the pandemic dynamics in each of the nine provinces of South Africa.\n\nHere are some key findings from the article:\n\n1. **Immune erosion potential**: The study found that all three variants had some level of immune erosion potential, meaning they could infect individuals who had previously been infected with other variants.\n2. **Transmissibility**: The authors estimated the transmissibility of each variant, finding that Omicron (BA.1) was more contagious than Beta and Delta.\n3. **New outbreaks despite high prior immunity**: The study showed that even with high levels of prior immunity, new outbreaks can still occur when a new variant emerges or is introduced.\n4. **Importance of continued preparedness**: The authors emphasized the need for continued public health actions and preparedness to mitigate the impact of SARS-CoV-2.\n\nThe article also discusses the limitations of their study, including uncertainties in detecting SARS-CoV-2 infections and deaths, changing population behavior and public health interventions, and changing circulating variants.\n\nSome key takeaways from the discussion section include:\n\n1. **High exposure and vaccination rates**: The authors noted that high exposure and vaccination rates in many populations may lead to the emergence of variants capable of eroding a wide spectrum of prior immunity.\n2. **Need for universal vaccine**: The study highlights the urgent need for a universal vaccine that can effectively block SARS-CoV-2 infection and prevent severe disease.\n\nOverall, this article provides valuable insights into the dynamics of SARS-CoV-2 variants in South Africa and emphasizes the importance of continued preparedness and public health actions to mitigate the impact of COVID-19."", ""dataset_name"": ""Coronavirus disease (COVID-19) case data - South Africa"", ""source_length"": 37033}",9,6,8,"{""completeness"": 9, ""conciseness"": 6, ""readability"": 8}",2025-12-04 10:10:30
Augmented_AutoDDG-101037,European database of processing factors for pesticides residues in food,Structured_v1-json,Augmented_AutoDDG,"This dataset contains information on pesticide residues in various food products, including raw primary commodities, processed commodities, and composite foods. The data includes details on processing techniques, storage conditions, and analytical methods used to detect pesticide residues. Each entry represents a specific study or evaluation of pesticide residues in food, with metadata such as study reference, first entry date, last update date, and EFSA citation. The dataset is primarily used for estimating maximum residue levels (MRLs) of pesticides in food products.  The semantic profile indicates that the data includes temporal entities, spatial data, and domain-specific types related to agriculture, food processing, and analytical methods. The dataset can be used to analyze pesticide residues in various food products, identify trends and patterns, and inform regulatory decisions on MRLs.","{""summary"": ""This text appears to be a scientific report or a research paper related to the update of the European Union's database of processing factors for pesticides in food. Here is a summary of the main points:\n\n**Background**\n\nThe EU database of processing factors was created to provide information on how pesticide residues are affected by various processing techniques, such as cooking, drying, and freezing. The database is used to estimate the maximum residue levels (MRLs) of pesticides in food.\n\n**Project Objectives**\n\nThe project aimed to update the EU database with new processing studies evaluated by EFSA between June 2016 and December 2021. The objectives were:\n\n* To enlist all processing studies assessed by EFSA during this period\n* To integrate these studies into the BfR database (RUEDIS)\n* To evaluate all processing studies according to the compendium of representative processing techniques\n* To derive processing factors for all evaluated processing trials\n* To update the EU database accordingly\n\n**Methodology**\n\nThe project involved several steps:\n\n1. Retrieval of processing studies: EFSA provided a reference list of all EFSA Conclusions and Reasoned Opinions issued after June 2016, which was updated monthly.\n2. Evaluation of processing studies: Two independent evaluation strands were used to assess each study, with quality control at different checkpoints.\n3. Integration of studies into RUEDIS: Relevant bibliographic and study information was retrieved, and the studies were entered into the RUEDIS database.\n\n**Results**\n\n* 922 processing studies were identified from EFSA Conclusions and Reasoned Opinions\n* 215 studies were not available to BfR and were requested from Member States\n* 716 studies from the BfR database were re-evaluated according to EU database quality criteria\n* The EU database was extended from 851 to 2152 studies\n\n**Conclusion**\n\nThe project successfully updated the EU database of processing factors with new processing studies evaluated by EFSA between June 2016 and December 2021. The updated database provides more accurate information on how pesticide residues are affected by various processing techniques, which is essential for estimating MRLs in food.\n\nPlease let me know if you would like me to clarify any specific points or provide further assistance!"", ""dataset_name"": ""European database of processing factors for pesticides residues in food"", ""source_length"": 39626}",9,8,9,"{""completeness"": 9, ""conciseness"": 8, ""readability"": 9}",2025-12-04 10:10:37
Augmented_AutoDDG-101045,The Global Carbon Project's fossil CO2 emissions dataset,Structured_v1-json,Augmented_AutoDDG,"This dataset contains carbon emissions data for various countries around the world. The data includes measurements of total emissions, coal, oil, gas, cement, flaring, and other emissions, as well as per capita emissions. The dataset spans multiple years, with some countries having data from as early as 1750 to as late as 2020. The data is represented in a tabular format, making it easy to analyze and compare emissions trends across different countries and time periods. This dataset can be used for research on climate change, energy policy, and sustainable development.  The semantic profile of the dataset indicates that the ""Country"" column represents location with spatial data at the country level, while the ""Year"" column contains temporal data at the yearly resolution. The ""Total"", ""Coal"", ""Gas"", and ""Cement"" columns represent measurements, whereas the ""Flaring"" and ""Other"" columns are used as aggregation keys.  This dataset can be utilized for various purposes such as analyzing carbon emissions trends, identifying countries with high or low emissions, and exploring the relationship between economic growth and environmental impact. The data can also be used to inform policy decisions related to climate change mitigation and sustainable development.  The research literature suggests that this dataset may have limitations in addressing climate change due to the focus on green growth, which is not sufficient to meet the Paris Agreement's goal of limiting global warming to 1.5°C above pre-industrial levels. The authors argue that post-growth scenarios are necessary to achieve this target, and that negative emissions technologies are not yet proven and may have significant side effects.","{""summary"": ""This is a lengthy article on the topic of \""green growth\"" and its limitations in addressing climate change. The authors argue that green growth, which aims to reduce greenhouse gas emissions while maintaining economic growth, is not sufficient to meet the Paris Agreement's goal of limiting global warming to 1.5\u00b0C above pre-industrial levels.\n\nHere are some key points from the article:\n\n**Decoupling GDP growth from environmental impact is not possible**\n\nThe authors cite several studies that have shown that it is not possible to decouple economic growth from environmental impact, particularly in terms of greenhouse gas emissions. They argue that this is because economic growth is often driven by increased consumption and production, which inevitably leads to increased resource use and emissions.\n\n**Green growth is not a viable solution**\n\nThe authors contend that green growth, which aims to reduce emissions while maintaining economic growth, is not a viable solution to climate change. They argue that even if countries are able to reduce their emissions through green technologies and policies, the overall level of emissions will still be too high to meet the 1.5\u00b0C target.\n\n**Negative emissions technologies are not a reliable solution**\n\nThe authors also discuss negative emissions technologies (NETs), which aim to remove CO2 from the atmosphere. They argue that NETs are not yet proven and may have significant side effects, such as land use changes or water pollution.\n\n**Post-growth scenarios are needed**\n\nThe authors conclude that post-growth scenarios, which involve reducing economic growth and consumption, are necessary to meet the 1.5\u00b0C target. They argue that this will require a fundamental transformation of our economic system and society, including changes in consumption patterns, production methods, and social norms.\n\n**Key references**\n\nSome key references cited in the article include:\n\n* Key\u00dfer et al. (2021) - \""1.5 \u00b0C degrowth scenarios suggest the need for new mitigation pathways\""\n* Haberl et al. (2020) - \""A systematic review of the evidence on decoupling of GDP, resource use and GHG emissions\""\n* Jackson (2016) - \""Prosperity without growth: foundations for the economy of tomorrow\""\n\nOverall, the article argues that green growth is not a sufficient solution to climate change and that post-growth scenarios are needed to meet the 1.5\u00b0C target."", ""dataset_name"": ""The Global Carbon Project's fossil CO2 emissions dataset"", ""source_length"": 56520}",9,8,9,"{""completeness"": 9, ""conciseness"": 8, ""readability"": 9}",2025-12-04 10:10:45
Augmented_AutoDDG-111916,The FluPRINT database,Structured_v1-newchunking,Augmented_AutoDDG,"This dataset appears to be related to ""Immune Cell Analysis"" or ""Cytokine Profiling"", containing information about immune cell subsets, cytokines, and other relevant data. The semantic profile indicates that the dataset includes various types of data, such as temporal entities, spatial data, and numerical values, which can be used for aggregation, measurement, and classification purposes. The research literature provides context on the topic, suggesting that this dataset is related to immunology, immune checkpoint inhibitors, and their effects on the cardiovascular system.","{""summary"": ""This appears to be a list of references for research articles related to immunology, particularly focusing on immune checkpoint inhibitors and their effects on the cardiovascular system.\n\nHere's a breakdown of the references:\n\n**Immune Checkpoint Inhibitors and Myocarditis**\n\n* References 35, 38, 39, and 40 discuss myocarditis associated with immune checkpoint inhibitors.\n* Reference 41 explores the impact of baseline steroids on the efficacy of programmed cell death-1 (PD-1) and programmed death-ligand 1 (PD-L1) blockade in patients with non-small-cell lung cancer.\n\n**T Cell Regulation and Immune Response**\n\n* References 33, 34, and 44 discuss T cell regulation, including the role of KLRG1 in T cell senescence and memory T cell lineage differentiation.\n* Reference 45 explores how KLRG1 restricts memory T cell antitumor immunity.\n\n**Chemokine-chemokine Receptor Axis**\n\n* References 46 and 29 discuss the chemokine-chemokine receptor axis, including the CCL2-CCR2 and CX3CL1-CX3CR1 axes in inflammation.\n\n**Other Topics**\n\n* Reference 28 discusses the role of CCR5 in myocarditis and host protection against Trypanosoma cruzi.\n* References 30 and 31 explore the molecular pathways of colon inflammation induced by cancer immunotherapy and the use of CCR5 inhibition to prevent cardiac dysfunction in HIV-infected macaques.\n\n**Recent Studies**\n\n* Reference 26 discusses a study on decreased Treg cell and TCR expansion in long-lasting Graves' disease.\n* Reference 27 explores the role of KLRG1+ effector CD8+ T cells in conveying enhanced protective immunity.\n\nThis list appears to be a comprehensive collection of research articles related to immunology, immune checkpoint inhibitors, and their effects on the cardiovascular system."", ""dataset_name"": ""The FluPRINT database"", ""source_length"": 25205, ""full_source_length"": 91565}",6,5,7,"{""completeness"": 6, ""conciseness"": 5, ""readability"": 7}",2025-12-04 11:19:16
Augmented_AutoDDG-111925,CODE-15%: a large scale annotated dataset of 12-lead ECGs,Structured_v1-newchunking,Augmented_AutoDDG,"This dataset contains electrocardiogram (ECG) data from various patients, including their exam IDs, ages, genders, predicted ages, and ECG readings. The data is collected from different sources, with each record representing a unique patient. The dataset includes information on the patient's age, sex, and predicted age, as well as their ECG readings, which can be used to diagnose cardiac conditions such as atrial fibrillation, arrhythmia, and other heart-related issues.  The data is of mixed type, including integers, floats, and text, with each column representing a specific aspect of the patient's health. The dataset has been profiled to provide insights into its structure and content, revealing unique values, coverage ranges, and semantic information about each column.  This dataset can be used for various applications in healthcare, such as developing machine learning models to predict atrial fibrillation risk, age and sex estimation, and arrhythmia detection. The research paper ""Deep Learning for Electrocardiogram (ECG) Analysis"" provides a comprehensive review of deep learning techniques applied to ECG analysis, highlighting their potential benefits and limitations.  The dataset's semantic profile reveals that it contains temporal data, unique identifiers, and measurement values, which can be used to develop accurate and efficient methods for diagnosing cardiac conditions. The research paper highlights the importance of ECG analysis in clinical settings and the need for deep learning techniques to improve performance and accuracy.  Overall, this dataset provides a valuable resource for researchers and healthcare professionals interested in developing machine learning models for ECG analysis and improving patient outcomes.","{""summary"": ""This is a research paper titled \""Deep Learning for Electrocardiogram (ECG) Analysis\"" published in the IEEE Transactions on Biomedical Engineering journal. The authors present a comprehensive review of deep learning techniques applied to ECG analysis, including atrial fibrillation risk prediction, age and sex estimation, and arrhythmia detection.\n\nHere's a summary of the paper:\n\n**Introduction**\n\nThe authors introduce the importance of ECG analysis in clinical settings, highlighting the need for accurate and efficient methods for diagnosing cardiac conditions. They discuss the limitations of traditional machine learning approaches and the potential benefits of deep learning techniques.\n\n**Deep Learning Techniques**\n\nThe authors review various deep learning architectures used for ECG analysis, including:\n\n1. Convolutional Neural Networks (CNNs)\n2. Recurrent Neural Networks (RNNs)\n3. Long Short-Term Memory (LSTM) networks\n4. Residual Networks (ResNets)\n\nThey also discuss the use of transfer learning and ensemble methods to improve performance.\n\n**Applications**\n\nThe authors present several applications of deep learning techniques in ECG analysis, including:\n\n1. Atrial fibrillation risk prediction: They review studies that used deep learning to predict atrial fibrillation from ECG signals.\n2. Age and sex estimation: They discuss the use of deep learning to estimate age and sex from ECG signals.\n3. Arrhythmia detection: They review studies that used deep learning to detect arrhythmias, such as ventricular tachycardia and supraventricular tachycardia.\n\n**Results**\n\nThe authors present a summary of the results from various studies, highlighting the accuracy and performance of different deep learning architectures in ECG analysis tasks.\n\n**Conclusion**\n\nThe authors conclude that deep learning techniques have shown promising results in ECG analysis, particularly for atrial fibrillation risk prediction and age and sex estimation. They highlight the need for further research to improve the accuracy and robustness of these methods.\n\n**References**\n\nThe paper includes a comprehensive list of references (31) related to ECG analysis and deep learning techniques.\n\nOverall, this paper provides a thorough review of deep learning techniques applied to ECG analysis, highlighting their potential benefits and limitations."", ""dataset_name"": ""CODE-15%: a large scale annotated dataset of 12-lead ECGs"", ""source_length"": 52056, ""full_source_length"": 55673}",9,8,9,"{""completeness"": 9, ""conciseness"": 8, ""readability"": 9}",2025-12-04 11:19:25
Augmented_AutoDDG-111932,T1GDUJA: Glucose dataset of a patient with type 1 diabetes mellitus,Structured_v1-newchunking,Augmented_AutoDDG,"This dataset contains temporal data related to Type 1 Diabetes, specifically glucose measurements from a patient with Type 1 Diabetes Mellitus. The dataset includes three columns: date, sgv (glucose measurement), and utcOffset (time zone offset). The data is of type text for date, integer for sgv, and integer for utcOffset. There are 41701 unique values in the date column, 309 unique values in the sgv column, and 2 unique values in the utcOffset column. This dataset can be used to analyze glucose patterns and develop predictive models for Type 1 Diabetes management.","{""summary"": ""It appears that you have provided a list of references related to the Internet of Things (IoT) and artificial intelligence (AI), particularly in the context of health environments. Here's a summary of the information:\n\n**Authors:**\n\n1. Juan Francisco Gait\u00e1n-Guerrero\n2. Jos\u00e9 Luis L\u00f3pez Ruiz\n3. Macarena Espinilla\n\n**Research Group:**\n\nThe authors are affiliated with the \""Advances in Intelligent Systems and Applications (ASIA)\"" Research Group at the University of Ja\u00e9n, Spain.\n\n**Research Interests:**\n\nTheir research interests include:\n\n1. Internet of Medical Things (IoMT)\n2. Ambient Assisted Living (AAL)\n3. Indoor Location Systems\n4. Sustainability\n\n**Publications:**\n\nThe authors have published over 50 papers in SCI-indexed journals on topics related to activity recognition, eHealth, and ambient intelligence.\n\n**Dataset:**\n\nOne of the references mentions a dataset called \""T1GDUJA\"" (Glucose Dataset of a Patient with Type 1 Diabetes Mellitus) created by Juan Francisco Gait\u00e1n-Guerrero et al. in 2023.\n\n**AI Models:**\n\nThe authors have explored the use of AI models, including GPT-4 and GPT-4o, for various applications in health environments.\n\n**References:**\n\nThe list includes 56 references to papers, datasets, and online resources related to IoT, AI, and health environments."", ""dataset_name"": ""T1GDUJA: Glucose dataset of a patient with type 1 diabetes mellitus"", ""source_length"": 74370, ""full_source_length"": 70179}",6,8,9,"{""completeness"": 6, ""conciseness"": 8, ""readability"": 9}",2025-12-04 11:19:32
Augmented_AutoDDG-111937,A comprehensive database of expert-curated occurrences for the genus Carex L. (Cyperaceae),Structured_v1-newchunking,Augmented_AutoDDG,"This dataset contains information on Carex species distribution, comprising 384067 records with various attributes such as scientific name, original name, infraspecific info, authority, revised name, and location data. The dataset is sourced from multiple sources, including literature references, online databases, and institutional collections. It provides a comprehensive overview of the geographical distribution of Carex species worldwide, allowing for analysis of their habitats, population dynamics, and evolutionary relationships. This dataset can be used to investigate plant diversity, biogeography, and systematics, as well as inform conservation efforts and management strategies for these species.","{""summary"": ""This appears to be a list of references for a scientific paper, likely in the field of botany or evolutionary biology. The references are formatted according to a specific citation style, possibly APA or MLA.\n\nHere's a breakdown of the list:\n\n* There are 34 references listed.\n* The references cover a range of topics related to plant evolution, biogeography, and systematics.\n* Many of the references focus on the genus Carex (sedges) within the family Cyperaceae.\n* Some of the references discuss phylogenetic analysis, molecular biology, and computational methods for analyzing large datasets.\n* Other references explore the history of vegetation, climate change, and plant diversity in various regions, including Amazonia and South America.\n\nIf you're looking for a specific reference or want to understand the context of these papers, I'd be happy to help."", ""dataset_name"": ""A comprehensive database of expert-curated occurrences for the genus Carex L. (Cyperaceae)"", ""source_length"": 136175, ""full_source_length"": 125782}",9,8,9,"{""completeness"": 9, ""conciseness"": 8, ""readability"": 9}",2025-12-04 11:19:37
Augmented_AutoDDG-112007,TetrapodTraits Database,Structured_v1-newchunking,Augmented_AutoDDG,"This dataset contains information on various species, including snake and bird species, with attributes such as body length, mass, habitat, and geographic distribution. The data is sourced from literature references related to ecological research, highlighting issues of data gaps and biases in the field. The semantic profile indicates that the data includes measurements, classifications, and aggregations across different domains, including health-related, physical, and environmental aspects. This dataset can be used for various purposes, such as studying species diversity, analyzing geographic distribution patterns, or exploring ecological hypotheses.","{""summary"": ""It appears that you've provided a list of references related to the topic of \""data gaps and biases in ecological research.\"" However, I'll try to provide a concise summary of the main points.\n\nThe references highlight several issues with current ecological research, including:\n\n1. **Data gaps**: Many studies have identified significant data gaps in various taxonomic groups, such as vertebrates, plants, and insects.\n2. **Biases**: Research has shown that there are biases in the collection and analysis of ecological data, often favoring certain species or regions over others.\n3. **Missing data**: The problem of missing data is a common issue in ecological research, which can lead to biased results and incorrect conclusions.\n\nTo address these issues, researchers have proposed various methods for:\n\n1. **Imputation**: Filling in missing data using statistical models or machine learning algorithms.\n2. **Phylogenetic analysis**: Using phylogenetic relationships to infer missing data or estimate trait values.\n3. **Ecological hypotheses**: Using ecological theories and hypotheses to inform the imputation of missing data.\n\nSome specific studies have demonstrated the effectiveness of these methods, such as:\n\n1. **Penone et al. (2014)**: Compared different imputation methods for life-history traits and found that a combination of methods performed best.\n2. **Stekhoven & Buhlmann (2012)**: Developed a non-parametric method for missing value imputation in mixed-type data.\n\nOverall, the references highlight the importance of addressing data gaps and biases in ecological research to ensure more accurate and reliable conclusions.\n\nIf you have any specific questions or would like me to elaborate on any of these points, please let me know!"", ""dataset_name"": ""TetrapodTraits Database"", ""source_length"": 72956, ""full_source_length"": 136735}",9,8,9,"{""completeness"": 9, ""conciseness"": 8, ""readability"": 9}",2025-12-04 11:20:07
Augmented_AutoDDG-112016,leafnp_data,Structured_v1-newchunking,Augmented_AutoDDG,"This dataset contains plant species with various attributes, including spatial data, temporal data, and measurement values. The dataset includes columns such as ""lon"" and ""lat"", which represent spatial location and contain spatial data (resolution: Coordinates). Other columns like ""leafN"" and ""leafP"" represent measurements of leaf nitrogen and phosphorus concentrations, respectively. Additionally, the dataset contains columns with domain-specific types, such as ""Family_New"" and ""Species"", which represent category and plant classification, respectively.  The semantic profile of this dataset indicates that it is primarily used for measurement and classification purposes, with some columns containing temporal data (resolution: Day) or spatial data (resolution: Coordinates). The dataset can be used to analyze various aspects of plant species, including their characteristics, distribution, and behavior. Furthermore, the research literature suggests that this dataset has been used in studies on plant ecology and biology, specifically to analyze leaf nitrogen and phosphorus concentrations across different species.  The insights from the research suggest that the dataset is useful for understanding global patterns of water storage in the rooting zones of vegetation and analyzing leaf nitrogen and phosphorus concentrations. However, some limitations and biases may exist due to the lack of information on collection methods and preprocessing steps. Overall, this dataset provides valuable information for researchers and scientists studying plant ecology and biology.  This dataset can be used for various purposes, including:  * Analyzing plant species characteristics and distribution * Understanding global patterns of water storage in the rooting zones of vegetation * Examining leaf nitrogen and phosphorus concentrations across different species * Investigating ecosystem attributes and biodiversity data  The dataset has been used in studies on plant ecology and biology to analyze leaf nitrogen and phosphorus concentrations, and its findings suggest significant variation across different species.","{""summary"": ""Here is the extracted information about the dataset \""leafnp_data\"" in JSON format:\n\n```\n{\n  \""domain_and_applications\"": {\n    \""field\"": \""plant ecology, plant biology\"",\n    \""research_questions\"": [\n      \""What are the global patterns of water storage in the rooting zones of vegetation?\"",\n      \""How do leaf nitrogen and phosphorus concentrations vary across different species?\""\n    ],\n    \""confidence\"": \""high\""\n  },\n  \""usage_in_study\"": {\n    \""how_used\"": \""used to analyze leaf nitrogen and phosphorus concentrations\"",\n    \""analyses_performed\"": [\n      \""data analysis for global patterns of water storage in the rooting zones of vegetation\"",\n      \""analysis of leaf nitrogen and phosphorus concentrations across different species\""\n    ],\n    \""key_findings\"": [\n      \""global patterns of water storage in the rooting zones of vegetation vary widely\"",\n      \""leaf nitrogen and phosphorus concentrations show significant variation across different species\""\n    ],\n    \""direct_quotes\"": []\n  },\n  \""dataset_characteristics\"": {\n    \""collection_method\"": \""Not mentioned in paper\"",\n    \""unique_features\"": [\n      \""global patterns of water storage in the rooting zones of vegetation\"",\n      \""leaf nitrogen and phosphorus concentrations across different species\""\n    ],\n    \""preprocessing\"": \""Not mentioned in paper\"",\n    \""size_or_scope\"": \""global scope, covering multiple plant species\""\n  },\n  \""limitations\"": {\n    \""identified_limitations\"": [],\n    \""challenges\"": [],\n    \""biases_or_caveats\"": []\n  },\n  \""citation_context\"": [\n    \""The dataset 'leafnp_data' was used to analyze leaf nitrogen and phosphorus concentrations across different species.\"",\n    \""This work was supported by the TRY initiative on plant traits, which is hosted at the Max Planck Institute for Biogeochemistry.\""\n  ]\n}\n```\n\nNote that some information, such as the collection method and preprocessing steps, are not mentioned in the paper."", ""dataset_name"": ""leafnp_data"", ""source_length"": 11494, ""full_source_length"": 74200}",9,8,9,"{""completeness"": 9, ""conciseness"": 8, ""readability"": 9}",2025-12-04 11:20:16
Augmented_AutoDDG-112028,Summary-level data from meta-analysis of fat distribution phenotypes in UK Biobank and GIANT,Structured_v1-newchunking,Augmented_AutoDDG,"This dataset contains genetic variants or SNPs with their corresponding information. The data includes columns for chromosome (CHR), position (POS), SNP identifier, tested allele, other allele, frequency of the tested allele, beta value, standard error, p-value, sample size (N), and additional information (INFO). The CHR column represents the chromosome number, while POS is the position on that chromosome. The dataset has a semantic profile indicating that it contains genetic entities, measurements, and quantities related to hematopoiesis and bone marrow fat content. This dataset can be used for identifying genetic associations with blood traits and diseases, understanding the relationship between bone marrow fat content and hematopoiesis, and exploring the genetic basis of various blood-related disorders.","{""summary"": ""This appears to be a list of scientific papers related to genetics and genomics, specifically focusing on the intersection of hematopoiesis (the formation of blood cells), bone marrow fat content, and various diseases. Here's a brief summary of each paper:\n\n1. **Causal associations between risk factors and common diseases inferred from GWAS summary data** (Zhu et al., 2018): This study used genetic association studies to identify causal relationships between risk factors and common diseases.\n2. **Genetic mapping of cell type specificity for complex traits** (Watanabe et al., 2019): The authors developed a method to map the genetic basis of cell-type-specific traits, which can help understand how different cell types contribute to complex diseases.\n3. **Bone Marrow Fat and Hematopoiesis** (Wang et al., 2018): This review article discusses the relationship between bone marrow fat content and hematopoiesis, highlighting the importance of understanding this connection for treating blood-related disorders.\n4. **The Polygenic and Monogenic Basis of Blood Traits and Diseases** (Vuckovic et al., 2020): The authors provide a comprehensive overview of the genetic basis of various blood traits and diseases, including both polygenic and monogenic contributions.\n5. **Single cell transcriptomics identifies a unique adipose lineage cell population that regulates bone marrow environment** (Zhong et al., 2020): This study used single-cell RNA sequencing to identify a previously unknown cell type in the adipose tissue that influences the bone marrow environment.\n6. **Interrogation of human hematopoiesis at single-cell and single-variant resolution** (Ulirsch et al., 2019): The authors developed a method to analyze human hematopoiesis at both single-cell and single-variant resolutions, providing new insights into the genetic basis of blood cell development.\n7. **Changes in human bone marrow fat content associated with changes in hematopoietic stem cell numbers and cytokine levels with aging** (Tuljapurkar et al., 2011): This study found that changes in bone marrow fat content are associated with changes in hematopoietic stem cell numbers and cytokine levels during aging.\n8. **Genetic colocalization atlas points to common regulatory sites and genes for hematopoietic traits and hematopoietic contributions to disease phenotypes** (Thom et al., 2020): The authors developed a genetic colocalization atlas that identifies shared regulatory sites and genes contributing to hematopoietic traits and disease phenotypes.\n9. **ObesityAdiposityBloodMR** (Thom, 2022): This is a software repository for analyzing the relationship between obesity, adiposity, blood cell counts, and various diseases.\n10. **Hypocholesterolemia in chronic anemias with increased erythropoietic activity** (Shalev et al., 2007): The authors found that patients with chronic anemia and increased erythropoietic activity often have low cholesterol levels.\n11. **An examination of multivariable Mendelian randomization in the single-sample and two-sample summary data settings** (Sanderson et al., 2019): This study evaluated the use of multivariable Mendelian randomization to identify causal relationships between risk factors and diseases.\n12. **Bone marrow endothelial dysfunction promotes myeloid cell expansion in cardiovascular disease** (Rohde et al., 2021): The authors found that bone marrow endothelial dysfunction contributes to myeloid cell expansion in cardiovascular disease.\n13. **LocusZoom: regional visualization of genome-wide association scan results** (Pruitt et al., 2010): This study developed a tool for visualizing the results of genome-wide association studies at a regional level.\n14. **Meta-analysis of genome-wide association studies for body fat distribution in 694,649 individuals of European ancestry** (Pulit et al., 2019): The authors conducted a meta-analysis of genome-wide association studies to identify genetic variants associated with body fat distribution.\n15. **PLINK: A tool set for whole-genome association and population-based linkage analyses** (Purcell et al., 2007): This study developed the PLINK software package for analyzing whole-genome association data and performing population-based linkage analysis.\n16. **BEDTools: A flexible suite of utilities for comparing genomic features** (Quinlan et al., 2010): The authors developed a set of tools for comparing genomic features, including BEDTools.\n17. **Meta-analysis of genome-wide association studies for body fat distribution in 694,649 individuals of European ancestry** (Pulit et al., 2019): This study conducted a meta-analysis of genome-wide association studies to identify genetic variants associated with body fat distribution.\n18. **Genetic colocalization atlas points to common regulatory sites and genes for hematopoietic traits and hematopoietic contributions to disease phenotypes** (Thom et al., 2020): The authors developed a genetic colocalization atlas that identifies shared regulatory sites and genes contributing to hematopoietic traits and disease phenotypes.\n19. **ObesityAdiposityBloodMR** (Thom, 2022): This is a software repository for analyzing the relationship between obesity, adiposity, blood cell counts, and various diseases.\n20. **Hypocholesterolemia in chronic anemias with increased erythropoietic activity** (Shalev et al., 2007): The authors found that patients with chronic anemia and increased erythropoietic activity often have low cholesterol levels.\n\nThese papers cover a range of topics related to genetics, genomics, and hematopoiesis, including the identification of genetic variants associated with blood traits and diseases, the development of new methods for analyzing genomic data, and the exploration of the relationship between bone marrow fat content and hematopoiesis."", ""dataset_name"": ""Summary-level data from meta-analysis of fat distribution phenotypes in UK Biobank and GIANT"", ""source_length"": 52349, ""full_source_length"": 49607}",9,8,9,"{""completeness"": 9, ""conciseness"": 8, ""readability"": 9}",2025-12-04 11:20:28
Augmented_AutoDDG-112036,Coronavirus disease (COVID-19) case data - South Africa,Structured_v1-newchunking,Augmented_AutoDDG,"This dataset contains COVID-19 case data for South Africa, with each row representing a specific date and including various metrics such as confirmed cases, deaths, and other statistics. The data spans from March 2020 to June 2022, providing a comprehensive view of the pandemic's progression in the country. The dataset includes information on different provinces, including Eastern Cape (EC), Free State (FS), Gauteng (GP), KwaZulu-Natal (KZN), Limpopo (LP), Mpumalanga (MP), North West (NW), Northern Cape (NC), Western Cape (WC), and unknown cases. The data is sourced from various locations, including government reports, academic papers, and other online sources.  The dataset can be used for a variety of purposes, such as analyzing the spread of COVID-19 in South Africa, understanding the impact of different provinces on the pandemic, and identifying trends and patterns in the data. Additionally, researchers can use this dataset to develop models that estimate parameters related to COVID-19 transmission, such as variant-specific transmission rates and infection-detection rates.  The semantic profile of the dataset reveals that it contains temporal data with a resolution of day or year, depending on the column, and includes domain-specific types such as financial and general. The dataset also includes spatial data with a resolution of province or location.  This dataset is particularly useful for researchers in the field of epidemiology who are interested in modeling the spread of COVID-19 in South Africa. By analyzing this dataset, researchers can gain insights into the pandemic's progression, identify areas where interventions may be needed, and develop more accurate models to predict future outbreaks.","{""summary"": ""This appears to be a lengthy appendix from a research paper in the field of epidemiology, specifically modeling the spread of COVID-19 in South Africa. I'll provide a brief summary and highlight some key points.\n\n**Summary**\n\nThe appendix provides details about the model-inference system used to estimate various parameters related to COVID-19 transmission in South Africa. The system uses ensemble Kalman filter (EAKF) updates to estimate parameters such as variant-specific transmission rates, infection-detection rates, and population sizes. The appendix also includes prior ranges for the parameters used in the model-inference system.\n\n**Key points**\n\n1. **Initial conditions**: The initial number of exposed individuals is estimated based on reported cases during the week of March 15, 2020.\n2. **Variant-specific transmission rates**: The transmission rate for each variant (ancestral, Beta, Delta, and Omicron) is allowed to increase over time using space re-probing with values drawn from specified ranges.\n3. **Infection-detection rate**: The infection-detection rate is estimated based on reported cases during the first weeks of the pandemic.\n4. **Population size**: Population sizes are based on data from COVID19ZA (Data Science for Social Impact Research Group at University of Pretoria, 2021).\n5. **Prior ranges**: Prior ranges for parameters such as variant-specific transmission rates, infection-detection rates, and population sizes are provided in Appendix 1-Table 5.\n6. **Reinfection rates**: An example estimation of reinfection rates is provided in Appendix 1-Table 4.\n\nPlease let me know if you'd like me to clarify any specific points or provide further assistance!"", ""dataset_name"": ""Coronavirus disease (COVID-19) case data - South Africa"", ""source_length"": 135061, ""full_source_length"": 137007}",9,8,9,"{""completeness"": 9, ""conciseness"": 8, ""readability"": 9}",2025-12-04 11:20:36
Augmented_AutoDDG-112045,European database of processing factors for pesticides residues in food,Structured_v1-newchunking,Augmented_AutoDDG,"This dataset contains information on pesticide residues in various food products, including processed commodities, raw primary commodities, and composite foods. The data includes details on processing techniques, storage conditions, analytical methods, and residue levels. It also provides insights into the compatibility of processing factors with EFSA's FoodEx2 classification system. The dataset is based on regulatory studies, literature reviews, and expert opinions, but it has limitations due to inconsistencies in some data sources and a lack of data on certain processing techniques. The EU database of processing factors for pesticide residues in food is an essential resource for ensuring food safety.  The semantic profile of the dataset reveals that it contains various types of information, including codes, products, temporal entities, and ratings. The domain-specific type is general, with some columns representing concepts or categories related to agriculture. The function/usage context varies across columns, including classification, measurement, aggregation key, and rating/score/measurement.  This dataset can be used for research on food safety, pesticide residues, and processing techniques. It provides a comprehensive overview of the EU database of processing factors for pesticide residues in food, which is essential for ensuring accurate residue levels in various food products. The insights from this dataset can help identify areas for improvement in the database, such as data quality issues and limitations due to a lack of data on certain processing techniques.  The research literature provides context about the dataset, including its structure and content, data sources and validation, processing techniques and factors, and limitations and future work. The report highlights the need for more data on certain processing techniques and factors, as well as the importance of validating processing factors to ensure their accuracy and reliability.","{""summary"": ""This appears to be a report from the European Food Safety Authority (EFSA) regarding the update of the EU database of processing factors for pesticide residues in food. The report discusses various aspects related to the database, including:\n\n1. **Database structure and content**: The report explains the structure and content of the database, which includes information on processing techniques, processing factors, and their compatibility with EFSA's food classification and description system (FoodEx2).\n2. **Data sources and validation**: The authors discuss the various data sources used to populate the database, including regulatory studies, literature reviews, and expert opinions. They also describe the validation process for ensuring the accuracy and reliability of the data.\n3. **Processing techniques and factors**: The report provides an overview of the processing techniques and factors included in the database, such as drying, freezing, and cooking. It also discusses the calculation methods used to determine processing factors.\n4. **Limitations and future work**: The authors acknowledge the limitations of the current database, including the need for more data on certain processing techniques and factors. They also outline plans for future updates and improvements to the database.\n\nSome specific points mentioned in the report include:\n\n* **Data quality issues**: The authors note that some data sources have inconsistencies or errors, which can affect the accuracy of the processing factors.\n* **Lack of data on certain processing techniques**: The report highlights the need for more data on processing techniques such as fermentation and smoking.\n* **Validation of processing factors**: The authors describe a validation process to ensure that the processing factors are accurate and reliable.\n* **Future updates and improvements**: The report outlines plans for future updates, including the incorporation of new data sources and the development of a web-based interface for accessing the database.\n\nThe report also includes several references to supporting documents, such as:\n\n* Compendium of Representative Processing Techniques Investigated in Regulatory Studies for Pesticides\n* Linking Processed Foods and Processing Techniques to the FoodEx2 Coding System (Excel Spreadsheet)\n* Background Document on the EU Database of Processing Factors for Pesticide Residues\n* EU Database of Processing Factors for Pesticide Residues (Excel Spreadsheet)\n\nOverall, this report provides a comprehensive overview of the EU database of processing factors for pesticide residues in food and highlights areas for future improvement."", ""dataset_name"": ""European database of processing factors for pesticides residues in food"", ""source_length"": 85178, ""full_source_length"": 80794}",9,8,9,"{""completeness"": 9, ""conciseness"": 8, ""readability"": 9}",2025-12-04 11:20:45
Augmented_AutoDDG-112056,The Global Carbon Project's fossil CO2 emissions dataset,Structured_v1-newchunking,Augmented_AutoDDG,"This dataset contains carbon emissions data for various countries around the world, covering different types of energy sources such as coal, oil, gas, cement, and others. The data spans multiple years, providing a temporal perspective on the trends and patterns of carbon emissions. Each country's data is represented by its ISO 3166-1 alpha-3 code, allowing for easy identification and comparison across nations. The dataset can be used to analyze and understand the impact of human activities on the environment, inform policy decisions, and track progress towards reducing greenhouse gas emissions.  The semantic profile indicates that the dataset contains spatial data (country-level resolution) and temporal data (yearly resolution), making it suitable for geographic information systems (GIS) and time-series analysis. The measurement units are in metric tons, providing a clear understanding of the magnitude of carbon emissions. This dataset can be used to explore various research questions related to sustainability, degrowth, and environmental issues.  The dataset is particularly relevant for researchers studying climate change mitigation strategies, energy efficiency, and renewable energy sources. It can also be applied to analyze the social and economic aspects of sustainability, including inequality, poverty, and human well-being. The comprehensive collection of recent research papers on sustainability, degrowth, and environmental issues suggests that this dataset has been used as a valuable resource for academic studies.  However, it is essential to note that the dataset's limitations should be considered when interpreting the results. For instance, the data may not account for all types of greenhouse gas emissions or have varying levels of accuracy across different countries. Nevertheless, with proper analysis and consideration of these factors, this dataset can provide valuable insights into the complex relationships between human activities, energy consumption, and environmental impact.  This dataset is particularly useful for researchers in various fields, including environmental science, economics, sociology, and geography. It can be used to identify trends, patterns, and correlations between different variables, such as carbon emissions, GDP, population growth, or resource use. By analyzing this data, researchers can gain a deeper understanding of the complex relationships between human activities and environmental outcomes, ultimately informing more effective policies and strategies for sustainable development.  The dataset's coverage spans from 1750 to 2020, providing a long-term perspective on carbon emissions trends. The data is available at the country level, allowing for easy comparison across nations. Each row represents a specific country-year combination, with various columns representing different types of energy sources or environmental indicators. The dataset can be used to explore various research questions related to sustainability, degrowth, and environmental issues.  The dataset's semantic profile indicates that it contains spatial data (country-level resolution) and temporal data (yearly resolution), making it suitable for geographic information systems (GIS) and time-series analysis. The measurement units are in metric tons, providing a clear understanding of the magnitude of carbon emissions. This dataset can be used to explore various research questions related to sustainability, degrowth, and environmental issues.  The dataset is particularly relevant for researchers studying climate change mitigation strategies, energy efficiency, and renewable energy sources. It can also be applied to analyze the social and economic aspects of sustainability, including inequality, poverty, and human well-being. The comprehensive collection of recent research papers on sustainability, degrowth, and environmental issues suggests that this dataset has been used as a valuable resource for academic studies.  However, it is essential to note that the dataset's limitations should be considered when interpreting the results. For instance, the data may not account for all types of greenhouse gas emissions or have varying levels of accuracy across different countries. Nevertheless, with proper analysis and consideration of these factors, this dataset can provide valuable insights into the complex relationships between human activities, energy consumption, and environmental impact.  This dataset is particularly useful for researchers in various fields, including environmental science, economics, sociology, and geography. It can be used to identify trends, patterns, and correlations between different variables, such as carbon emissions, GDP, population growth, or resource use. By analyzing this data, researchers can gain a deeper understanding of the complex relationships between human activities and environmental outcomes, ultimately informing more effective policies and strategies for sustainable development.  The dataset's coverage spans from 1750 to 2020, providing a long-term perspective on carbon emissions trends. The data is available at the country level, allowing for easy comparison across nations. Each row represents a specific country-year combination, with various columns representing different types of energy sources or environmental indicators.","{""summary"": ""This appears to be a list of references for academic papers related to sustainability, degrowth, and environmental issues. Here's a breakdown of the list:\n\n**Section 1: Climate Change and Energy**\n\n* Papers on climate change mitigation, energy efficiency, and renewable energy\n* Authors include IPCC contributors, researchers from universities and think tanks\n\n**Section 2: Degrowth and Post-Growth Economics**\n\n* Papers on degrowth, post-growth economics, and sustainable development\n* Authors include economists, sociologists, and environmental scientists\n* Topics include universal basic income, resource footprint, and ecological overshoot\n\n**Section 3: Sustainable Development and Resource Use**\n\n* Papers on sustainable development, resource use, and environmental impact\n* Authors include researchers from universities, think tanks, and international organizations\n* Topics include material footprint, biodiversity policy, and climate change impacts\n\n**Section 4: Social and Economic Aspects of Sustainability**\n\n* Papers on social and economic aspects of sustainability, including inequality, poverty, and human well-being\n* Authors include economists, sociologists, and environmental scientists\n* Topics include compensation for atmospheric appropriation, energy efficiency, and economy-wide rebound effects\n\nThis list appears to be a comprehensive collection of recent research papers on sustainability, degrowth, and environmental issues. The authors come from various disciplines and institutions, indicating a diverse range of perspectives and expertise.\n\nIf you're looking for specific information or want to explore these topics further, I'd be happy to help!"", ""dataset_name"": ""The Global Carbon Project's fossil CO2 emissions dataset"", ""source_length"": 70394, ""full_source_length"": 65116}",9,6,8,"{""completeness"": 9, ""conciseness"": 6, ""readability"": 8}",2025-12-04 11:20:56
Augmented_AutoDDG-112703,The FluPRINT database,Structured_v1-llm-relevance-chunks,Augmented_AutoDDG,"This dataset contains immune cell analysis data related to ""Immune Checkpoint Inhibitor (ICI) myocarditis,"" a serious side effect of cancer immunotherapy. The data was collected from patients with ICI-related myocarditis using single-cell techniques, including CyTOF and CITE-seq. It includes information on various immune cells, such as CD8+ T cells, and their associated chemokines, which are potential therapeutic targets for ICI myocarditis. The dataset can be used to identify specific subsets of immune cells involved in the pathogenesis of ICI myocarditis and explore potential therapeutic options.","{""summary"": ""This is a research article published in Circulation, a journal of the American Heart Association. The article discusses the pathogenesis of Immune Checkpoint Inhibitor (ICI) myocarditis, a serious side effect of cancer immunotherapy.\n\nHere's a summary of the main points:\n\n**Background**: ICI therapy has revolutionized cancer treatment by unleashing the immune system to attack cancer cells. However, it can also cause autoimmune reactions, including myocarditis, which is inflammation of the heart muscle.\n\n**Methods**: The researchers used single-cell techniques (CyTOF and CITE-seq) to analyze blood samples from patients with ICI-related myocarditis. They identified a specific subset of CD8+ T cells, called Temra CD8+ cells, that were associated with myocarditis.\n\n**Key findings**:\n\n1. **Temra CD8+ cells**: These cells are a specialized type of effector CD8+ T cells that are particularly associated with ICI myocarditis.\n2. **Chemokine upregulation**: The researchers found that CCL4, CCL4L2, and CCL5 were upregulated in Temra CD8+ cells from patients with ICI myocarditis.\n3. **Immune checkpoint expression**: The study showed that immune checkpoints such as LAG3 are expressed on these cells, suggesting a potential therapeutic target.\n\n**Implications**:\n\n1. **Therapeutic targets**: The researchers identified chemokines (CCL4, CCL4L2, and CCL5) as potential therapeutic targets for ICI myocarditis.\n2. **CCR5 inhibitors**: Maraviroc, a well-established CCR5 inhibitor used to treat HIV, may be explored as a treatment option for ICI myocarditis.\n\n**Conclusion**: This study provides new insights into the pathogenesis of ICI myocarditis and identifies potential therapeutic targets for this serious side effect of cancer immunotherapy."", ""dataset_name"": ""The FluPRINT database"", ""source_length"": 64679, ""full_source_length"": 91565}",9,8,9,"{""completeness"": 9, ""conciseness"": 8, ""readability"": 9}",2025-12-04 11:27:03
Augmented_AutoDDG-112715,CODE-15%: a large scale annotated dataset of 12-lead ECGs,Structured_v1-llm-relevance-chunks,Augmented_AutoDDG,"This dataset contains electrocardiogram (ECG) data from various patients, including their exam IDs, ages, genders, predicted ages, and other relevant information. The data is of mixed type, including integers, floats, and text, with unique values ranging from a few to thousands. The coverage spans from 0 to several thousand for most columns. This dataset can be used for research in cardio-related tasks such as cardiac arrhythmia diagnosis, atrial fibrillation risk prediction, and age estimation using ECG data. The semantic profile indicates that the data represents various entities, including persons, unique identifiers, and temporal data.","{""summary"": ""This is a research paper that explores the performance of deep learning (DL) and feature engineering (FE) approaches in three cardio-related tasks: cardiac arrhythmia diagnosis, atrial fibrillation risk prediction, and age estimation using electrocardiogram (ECG) data.\n\n**Key Findings**\n\n1. **DL outperforms FE for age estimation**: The DL model achieved a higher performance than the FE approach for age estimation, with an R2 value of 0.83 compared to 0.60.\n2. **Comparable performance for arrhythmia diagnosis and risk prediction**: For the two clinical tasks (diagnosis and risk prediction), both DL and FE approaches showed comparable performance, with mean AUPRC scores ranging from 0.77 to 0.79.\n3. **DL architecture comparison**: The study compared three state-of-the-art models and found that the choice of DL architecture did not significantly impact the results.\n\n**Limitations**\n\n1. **Limited test set size for arrhythmia diagnosis**: The test set included only a small number of recordings, which limited the ability to assess the relative performance of each approach.\n2. **Insufficient data for AF risk prediction**: The train set had fewer recording examples (806k) compared to other tasks, preventing further investigation into whether DL performance would continue increasing with more data.\n\n**Conclusion**\n\nThe study concludes that deep learning can be a powerful tool for cardio-related tasks, especially when traditional feature engineering approaches are not sufficient. However, the choice of DL architecture and the availability of large datasets are crucial factors in achieving optimal results.\n\n**Recommendations**\n\n1. **Further investigation into explainability**: The authors suggest exploring the comparison and explanation of deep features to better understand the gap between FE and DL.\n2. **Increasing dataset size**: Adding more recordings to the dataset, especially for arrhythmia diagnosis and AF risk prediction, would help to further investigate the performance of each approach.\n\nOverall, this study highlights the potential of deep learning in cardio-related tasks and emphasizes the importance of considering both traditional feature engineering approaches and modern deep learning techniques."", ""dataset_name"": ""CODE-15%: a large scale annotated dataset of 12-lead ECGs"", ""source_length"": 53236, ""full_source_length"": 55673}",8,6,9,"{""completeness"": 8, ""conciseness"": 6, ""readability"": 9}",2025-12-04 11:27:15
Augmented_AutoDDG-112729,T1GDUJA: Glucose dataset of a patient with type 1 diabetes mellitus,Structured_v1-llm-relevance-chunks,Augmented_AutoDDG,"This dataset contains temporal data related to Type 1 Diabetes, specifically glucose measurements from continuous glucose monitoring (CGM) sensors. The data includes date, measurement value (sgv), and time zone offset (utcOffset). There are 41701 unique dates, with a coverage of hourly resolution for both sgv and utcOffset. The dataset can be used to analyze patterns and trends in glucose levels over time, potentially informing diabetes management decisions. It is also suitable for evaluating the performance of linguistic summary generation systems, such as the one proposed in the accompanying research paper.","{""summary"": ""This is a research paper on developing a system to generate high-quality linguistic summaries from time series (TS) data in the field of diabetes and glucose measurement control. The paper presents a complete proposal for generating such summaries, including a knowledge representation model, a real-time multipatient monitoring architecture, and a layer-based methodology for abstraction levels.\n\nHere's a summary of the key points:\n\n**Background**\n\n* Diabetes is a chronic disease that affects millions worldwide.\n* Continuous glucose monitoring (CGM) sensors provide real-time data on glucose levels.\n* Time series analysis can help identify patterns and trends in glucose data.\n\n**Proposed System**\n\n* The system consists of three main components:\n\t1. Knowledge representation model: A layer-based methodology for abstraction levels, which allows experts and diabetic users to focus on relevant phenomena when observing graphical representations of individual glucose data.\n\t2. Real-time multipatient monitoring architecture: A framework that enables the monitoring and visualization of diabetes measures in an interpretable way.\n\t3. Linguistic summary generation: The system uses fuzzy logic (FL) theory to extrapolate key elements from time series data into words.\n\n**Evaluation**\n\n* The paper presents a case study using real-world data from a patient with type 1 diabetes mellitus.\n* The results show that the proposed system can generate high-quality linguistic summaries that are accurate and informative.\n\n**Comparison with GPT-4**\n\n* The authors compare their system with GPT-4, a large language model (LLM) developed by OpenAI.\n* They argue that while GPT-4 can generate acceptable results, it has several limitations, including:\n\t+ Low interpretability\n\t+ High computational resources required for generation\n\t+ Inability to align with the United Nations Sustainable Development Goals (SDGs)\n\t+ High monetary cost and resource consumption\n\n**Conclusion**\n\n* The proposed system is a complete proposal for generating high-quality linguistic summaries from time series data in the field of diabetes and glucose measurement control.\n* The system has several advantages over GPT-4, including:\n\t+ Higher interpretability\n\t+ Lower computational resources required for generation\n\t+ Alignment with SDGs\n\t+ Lower monetary cost and resource consumption\n\n**Future Work**\n\n* The authors suggest several areas for future research, including:\n\t+ Improving the linguistic descriptions by considering a more extended period of time\n\t+ Enabling the assessment of a patient's historical data\n\t+ Analyzing improvements or decays in eating habits"", ""dataset_name"": ""T1GDUJA: Glucose dataset of a patient with type 1 diabetes mellitus"", ""source_length"": 63996, ""full_source_length"": 70179}",9,8,9,"{""completeness"": 9, ""conciseness"": 8, ""readability"": 9}",2025-12-04 11:27:29
Augmented_AutoDDG-112751,A comprehensive database of expert-curated occurrences for the genus Carex L. (Cyperaceae),Structured_v1-llm-relevance-chunks,Augmented_AutoDDG,"This dataset contains information on Carex species distribution, including their scientific names, original names, infraspecific information, authorities, revised names, and revised infraspecific information. The data also includes geographical coordinates, dates of collection, and collector information. This dataset can be used for various purposes such as analyzing the biogeography and systematics of Carex plants, understanding their distribution patterns, and identifying areas where further research is needed.  The semantic profile of this dataset indicates that it contains spatial and temporal data, with a focus on scientific entities, plant names, and locations. The dataset can be used for aggregation, measurement, and classification purposes. It also includes information on the collector's code, which can be useful for tracking the origin of the data.  This dataset is relevant to researchers in botany, ecology, geology, and evolutionary biology who are interested in understanding the distribution patterns of Carex species. The references cited in this dataset provide a range of perspectives on the biogeography and systematics of Carex plants, as well as related topics in these fields.","{""summary"": ""This appears to be a list of references cited in a scientific paper on the biogeography and systematics of Carex (sedge) plants. The references are from various fields of study, including botany, ecology, geology, and evolutionary biology.\n\nHere is a brief summary of each reference:\n\n1. Fiaschi et al. (2016): This book chapter discusses the biogeography of South American flora.\n2. Fick and Hijmans (2017): This paper introduces WorldClim 2, a new dataset for global climate surfaces.\n3. Freyman and H\u00f6hna (2019): This study uses stochastic character mapping to investigate the tempo of evolutionary decline in self-compatible Onagraceae lineages.\n4. Gajardo (1994): This book discusses the natural vegetation of Chile and its geographical distribution.\n5. Garc\u00eda-Moro et al. (2022): This paper explores the biogeography and systematics of Carex subgenus Uncinia (Cyperaceae).\n6. Garreaud et al. (2009): This review article discusses present-day South American climate.\n7. Garzione et al. (2006): This study investigates the rapid late Miocene rise of the Bolivian altiplano.\n8. Gregory-Wodzicki (2000): This paper reviews the uplift history of the central and northern Andes.\n9. Harmon et al. (2008): This software package, GEIGER, is used to investigate evolutionary radiations.\n10. Hartley (2003): This article discusses Andean uplift and climate change.\n11. Hern\u00e1ndez-Becerril et al. (2017): This study investigates the phylogeography of a plant species in Mexico.\n12. Roberts et al. (2017): This paper explores multiple tropical Andean glaciations during a period of late Pliocene warmth.\n13. Rull (2020): This book chapter discusses Neotropical diversification and its drivers.\n14. Sanz-Arnal et al. (2025a, 2025b): These papers introduce a comprehensive database of expert-curated occurrences for the genus Carex L. (Cyperaceae).\n15. Scherson et al. (2008): This study investigates the phylogeny, biogeography, and rates of diversification of New World Astragalus (Leguminosae).\n16. Schuettpelz and Pryer (2009): This paper explores evidence for a Cenozoic radiation of ferns in an angiosperms-dominated canopy.\n17. Sede et al. (2012): This study investigates the phylogeography and palaeodistribution modelling of Mulinum spinosum (Apiaceae).\n18. Silva (2018): This article discusses the ecoregions of southern Brazil, eastern Paraguay, and easternmost Argentina.\n19. Simon et al. (2009): This paper explores the recent assembly of the Cerrado, a Neotropical plant diversity hotspot.\n20. Ulloa-Ulloa et al. (2017): This study introduces an integrated assessment of vascular plants species of the Americas.\n21. Van der Hammen and Hooghiemstra (2000): This review article discusses the Neogene and Quaternary history of vegetation, climate, and plant diversity in Amazonia.\n22. Villagra\u00edn and Hinojosa (1997): This paper explores the history of forests in southern South America.\n23. Villaverde et al. (2015): This study investigates long-distance dispersal during the Middle-Late Pleistocene that explains the bipolar disjunction of Carex maritima (Cyperaceae).\n24. Villaverde et al. (2017): This review article discusses bipolar distributions in vascular plants.\n25. Villaverde et al. (2020): This paper introduces a new classification of Carex (Cyperaceae) subgenera supported by a Hyb-Seq backbone phylogenetic tree.\n26. Wang et al. (2020): This software package, Treeio, is used for phylogenetic tree input and output with richly annotated and associated data.\n27. Wickham (2006): This R package, ggplot, is used for data visualization.\n\nThese references provide a range of perspectives on the biogeography and systematics of Carex plants, as well as related topics in botany, ecology, geology, and evolutionary biology."", ""dataset_name"": ""A comprehensive database of expert-curated occurrences for the genus Carex L. (Cyperaceae)"", ""source_length"": 94557, ""full_source_length"": 125782}",9,8,9,"{""completeness"": 9, ""conciseness"": 8, ""readability"": 9}",2025-12-04 11:27:51
Augmented_AutoDDG-112837,TetrapodTraits Database,Structured_v1-llm-relevance-chunks,Augmented_AutoDDG,"This dataset appears to be a collection of references related to biodiversity, ecology, and evolutionary biology. The topics covered include methods for handling missing data, phylogenetic analysis, statistical models, functional redundancy, biases in species-level data, body size and extinction risk, global biogeography, and ecogeographical rules. The dataset can be used for research purposes, such as understanding biodiversity patterns, developing new statistical models, or exploring the relationship between body size and extinction risk. However, it is essential to note that this dataset is a list of references rather than primary data, which may limit its direct application in certain studies.  The semantic profile of the dataset reveals a mix of domain-specific types, including general/biological, health-related, physical, environmental/geospatial, geographic, and demographic. The function/usage context includes measurement, classification/description, aggregation key, and boundary identification. This suggests that the dataset can be used for various purposes, such as measuring biodiversity patterns, classifying species, or identifying geographical boundaries.  The dataset's topic is broad, covering topics related to snake and bird species diversity, South American birds, Colubridae snakes, Parulidae birds, Passeriformes bird family, Serpentes reptile order, Neotropical bird species, and Avian taxonomy research. This suggests that the dataset can be used for various research purposes, such as understanding biodiversity patterns, developing new statistical models, or exploring the relationship between body size and extinction risk.  The research literature provides context about the dataset's usage in academic papers, highlighting its application in ecological studies, phylogenetic analysis, and statistical modeling. The references discuss methods for handling missing data, phylogenetic analysis, statistical models, functional redundancy, biases in species-level data, body size and extinction risk, global biogeography, and ecogeographical rules. This suggests that the dataset is a valuable resource for researchers in ecology, evolutionary biology, and related fields.  Overall, this dataset provides a comprehensive overview of methods and concepts used in ecological research, with a focus on phylogenetics, statistical modeling, and biodiversity analysis. It can be used as a starting point for further research or as a reference for understanding the latest developments in these fields.","{""summary"": ""This appears to be a list of references in the format commonly used in academic papers. The references are related to biodiversity, ecology, and evolutionary biology.\n\nHere is a brief summary of each reference:\n\n**1-5**: These references discuss methods for handling missing data in ecological studies, including imputation techniques and null model analysis.\n\n**6-10**: These references focus on phylogenetic analysis and the use of APE (Analyses of Phylogenetics and Evolution) software in R.\n\n**11-15**: These references discuss various statistical models and algorithms used in ecology, including machine learning methods.\n\n**16-20**: These references explore the concept of functional redundancy and dispersion in ecological communities.\n\n**21-25**: These references examine biases in species-level data, including sampling effort and geographic distribution.\n\n**26-30**: These references investigate the relationship between body size, extinction risk, and knowledge bias in various taxonomic groups.\n\n**31-35**: These references discuss the global biogeography of lizard functional groups and the influence of vertical stratification on biodiversity patterns.\n\n**36-40**: These references explore ecogeographical rules and their application to understanding biodiversity patterns.\n\nOverall, these references provide a comprehensive overview of the methods and concepts used in ecological research, with a focus on phylogenetics, statistical modeling, and biodiversity analysis."", ""dataset_name"": ""TetrapodTraits Database"", ""source_length"": 125370, ""full_source_length"": 136735}",9,6,8,"{""completeness"": 9, ""conciseness"": 6, ""readability"": 8}",2025-12-04 11:28:37
Augmented_AutoDDG-112850,leafnp_data,Structured_v1-llm-relevance-chunks,Augmented_AutoDDG,"This dataset contains plant species attributes with various environmental variables. The dataset includes spatial data (resolution: Coordinates) for location and measurement of leaf nutrient concentrations. It also represents temporal entities such as year, month, and day, along with measurements like temperature, precipitation, soil pH, and nutrient availability. The dataset can be used to investigate the relationships between environmental factors and leaf nutrient concentrations in plants across different ecosystems. This research aims to understand how environmental factors influence leaf nutrient concentrations and provides insights into species-specific plasticity and within-species variations.","{""summary"": ""This is a research paper on plant ecology, specifically focusing on the relationship between leaf nutrient concentrations and environmental factors. The paper presents several analyses and methods used to investigate this relationship.\n\nHere's a summary of the main points:\n\n**Introduction**\n\nThe authors aim to understand how environmental factors influence leaf nutrient concentrations in plants across different ecosystems. They use a large dataset of leaf N and P concentrations from various studies, combined with 45 environmental variables for each site.\n\n**Methods**\n\n1. **Data preparation**: The authors updated the existing dataset by adding new environmental variables.\n2. **Random forest analysis**: They used random forests to identify the most important environmental factors influencing leaf nutrient concentrations.\n3. **Trait gradient analysis (TGA)**: This method was used to investigate how species-specific plasticity varies across different sites and environments.\n4. **Species variation decomposition**: The authors decomposed the variation in leaf nutrient concentrations into within-species and between-species components.\n\n**Results**\n\n1. **Random forest analysis**: The most important environmental factors influencing leaf N and P concentrations were temperature, precipitation, soil pH, and nutrient availability.\n2. **TGA**: The results showed that species-specific plasticity varies across different sites and environments, with some species exhibiting high plasticity in response to changing conditions.\n3. **Species variation decomposition**: This analysis revealed that within-species variations account for a significant proportion of the total variation in leaf nutrient concentrations.\n\n**Discussion**\n\nThe authors discuss the implications of their findings for understanding plant ecology and the relationships between environmental factors and leaf nutrient concentrations. They highlight the importance of considering species-specific plasticity and within-species variations when studying these relationships.\n\n**Conclusion**\n\nThe study provides new insights into the complex relationships between environmental factors, leaf nutrient concentrations, and species-specific plasticity. The authors suggest that their findings have implications for understanding plant ecology and can inform strategies for managing ecosystems under changing environmental conditions.\n\nSome of the key takeaways from this paper include:\n\n* Environmental factors such as temperature, precipitation, soil pH, and nutrient availability play a significant role in influencing leaf nutrient concentrations.\n* Species-specific plasticity varies across different sites and environments, with some species exhibiting high plasticity in response to changing conditions.\n* Within-species variations account for a significant proportion of the total variation in leaf nutrient concentrations.\n\nOverall, this paper provides valuable insights into the complex relationships between environmental factors, leaf nutrient concentrations, and species-specific plasticity."", ""dataset_name"": ""leafnp_data"", ""source_length"": 58721, ""full_source_length"": 74200}",9,8,9,"{""completeness"": 9, ""conciseness"": 8, ""readability"": 9}",2025-12-04 11:28:50
Augmented_AutoDDG-112901,Summary-level data from meta-analysis of fat distribution phenotypes in UK Biobank and GIANT,Structured_v1-llm-relevance-chunks,Augmented_AutoDDG,"This dataset contains genetic variants or SNPs with their corresponding information, including chromosome (CHR), position (POS), SNP identifier, tested allele, other allele, frequency of the tested allele, beta value, standard error, p-value, sample size, and additional information. The data spans from 0 to 1.0 for CHR, 0 to 1095598.0 for POS, and 0 to 0.9999 for Freq_Tested_Allele. The dataset is primarily used in the field of genetics and genomics, specifically focusing on the relationship between obesity, adiposity, and blood traits. It appears to be a research article titled ""Genetic associations with body fat distribution and blood cell traits"" published in eLife.","{""summary"": ""This appears to be a research article in the field of genetics and genomics, specifically focusing on the relationship between obesity, adiposity, and blood traits. The article is titled \""Genetic associations with body fat distribution and blood cell traits\"" and was published in eLife.\n\nHere's a summary of the main points:\n\n**Background**: The authors note that there is a complex interplay between genetics, lifestyle factors, and environmental influences on obesity and related health outcomes. They aim to identify genetic variants associated with body fat distribution and blood cell traits.\n\n**Methods**: The study used publicly available data sets from various sources, including the UK Biobank and the Genetic Association Database (GAD). The authors performed genome-wide association studies (GWAS) to identify genetic variants associated with body fat distribution and blood cell traits.\n\n**Results**: The study identified several genetic variants associated with body fat distribution and blood cell traits. For example, they found that a variant in the RSPO3 gene was associated with increased risk of fracture and osteoporosis. They also identified genetic variants associated with red blood cell count, hemoglobin levels, and other blood cell traits.\n\n**Gene ontology analysis**: The authors performed gene ontology (GO) analysis to identify biological processes enriched in genes associated with body fat distribution and blood cell traits. They found that genes involved in lipid metabolism, insulin signaling, and inflammation were overrepresented in their dataset.\n\n**Conclusion**: The study highlights the complex genetic architecture of obesity and related health outcomes. The authors suggest that their findings have implications for understanding the mechanisms underlying these conditions and may inform the development of new therapeutic strategies.\n\n**Additional information**:\n\n* The article includes a detailed description of the methods used, including data sources, statistical analysis, and gene ontology analysis.\n* The authors provide supplementary tables and figures to support their results.\n* The study was funded by several grants from the National Institutes of Health (NIH) and other organizations.\n* The authors declare that they have no conflicts of interest."", ""dataset_name"": ""Summary-level data from meta-analysis of fat distribution phenotypes in UK Biobank and GIANT"", ""source_length"": 39235, ""full_source_length"": 49607}",9,8,9,"{""completeness"": 9, ""conciseness"": 8, ""readability"": 9}",2025-12-04 11:29:01
Augmented_AutoDDG-112920,Coronavirus disease (COVID-19) case data - South Africa,Structured_v1-llm-relevance-chunks,Augmented_AutoDDG,"This dataset contains COVID-19 case metrics for South Africa, with each row representing a specific date and including various metrics such as confirmed cases, deaths, etc. The data includes temporal information in the form of dates and timestamps, as well as spatial information through province-level metrics. The dataset has 864 unique values across its 14 columns, with most columns having integer or text data types. The semantic profile indicates that some columns represent amounts, measurements, or numeric entities, while others contain temporal or spatial data. This dataset can be used for analyzing and modeling the progression of the COVID-19 pandemic in South Africa.","{""summary"": ""This appears to be a collection of supplementary materials for a research paper on the COVID-19 pandemic in South Africa. The documents include:\n\n1. **Approximate epidemic timing (mm/dd/yy) for each wave in each province**: This table lists the start and end dates of each wave of the pandemic in each province.\n2. **Approximate epidemic timing (mm/dd/yy) for each wave in each province, Continued**: This is a continuation of the previous table, listing additional provinces.\n3. **Approximate epidemic timing (mm/dd/yy) for each wave in each province, Continued**: Another continuation of the previous tables, listing more provinces.\n4. **Approximate epidemic timing (mm/dd/yy) for each wave in each province, Continued**: The final continuation of the table, listing all remaining provinces.\n\nThese tables provide a timeline of the pandemic's progression in each province, which is likely used as input data for the research paper's modeling and analysis.\n\nThe other documents appear to be related to the research methodology and assumptions made by the authors. They include:\n\n1. **Approximate epidemic timing (mm/dd/yy) for each wave in each province**: This table lists the start and end dates of each wave of the pandemic in each province.\n2. **Note on IFR ranges**: This document explains how the authors chose the initial mortality rate (IFR) ranges for each province, based on previous estimates and available data.\n3. **Approximate epidemic timing (mm/dd/yy) for each wave in each province**: Another table listing the start and end dates of each wave of the pandemic in each province.\n\nThese documents provide context and background information on the research methodology used by the authors to model the pandemic's progression in South Africa.\n\nIf you have any specific questions about these documents or would like me to clarify any points, please let me know!"", ""dataset_name"": ""Coronavirus disease (COVID-19) case data - South Africa"", ""source_length"": 122787, ""full_source_length"": 137007}",9,8,9,"{""completeness"": 9, ""conciseness"": 8, ""readability"": 9}",2025-12-04 11:29:20
Augmented_AutoDDG-112932,European database of processing factors for pesticides residues in food,Structured_v1-llm-relevance-chunks,Augmented_AutoDDG,"This dataset contains information on pesticide residues in various food products, including processed commodities, raw primary commodities, and matrix codes. The data includes details on active substances, processing codes, study references, storage conditions, analytical methods, and more. With 2838 unique study references, the dataset spans a wide range of temporal entities, from years to days. The semantic profile reveals that the dataset is primarily composed of product-related information, with some temporal and spatial data. This dataset can be used for research on food safety, pesticide residues, and processing factors in foods.","{""summary"": ""This appears to be a document from the European Food Safety Authority (EFSA) related to the EU database of processing factors for pesticide residues. The document is a supporting publication that provides background information and references to various documents related to the topic.\n\nHere's a summary of the content:\n\n**Background Document**: The document provides an overview of the EU database of processing factors, including its development, structure, and contents. It also discusses the methodology used to compile the data and the sources of the information.\n\n**Compendium of Representative Processing Techniques**: This is a list of representative processing techniques investigated in regulatory studies for pesticides. The compendium can be found online on EFSA's knowledge junction.\n\n**Linking Processed Foods and Processing Techniques to FoodEx2**: This document provides a list of FoodEx2 codes that can be used to link processed foods and processing techniques.\n\n**Background Document on the EU Database of Processing Factors**: This is a comprehensive background document that provides detailed information on the development, structure, and contents of the EU database of processing factors.\n\n**EU Database of Processing Factors**: The EU database of processing factors is an Excel spreadsheet that can be found online on EFSA's knowledge junction. It contains data on processing factors for various pesticide residues.\n\nThe document also includes a glossary and abbreviations section, which provides definitions for key terms used in the document.\n\nOverall, this document appears to be a technical report that provides background information and references to support the development of the EU database of processing factors for pesticide residues."", ""dataset_name"": ""European database of processing factors for pesticides residues in food"", ""source_length"": 84375, ""full_source_length"": 80794}",9,8,9,"{""completeness"": 9, ""conciseness"": 8, ""readability"": 9}",2025-12-04 11:29:32
Augmented_AutoDDG-112944,The Global Carbon Project's fossil CO2 emissions dataset,Structured_v1-llm-relevance-chunks,Augmented_AutoDDG,"This dataset contains carbon emissions data for various countries around the world, covering different types of energy sources such as coal, oil, gas, cement, and others. The data spans multiple years, providing a temporal perspective on emissions trends. Each country's emissions are represented in terms of total amount and per capita consumption. This dataset can be used to analyze and compare carbon emissions across countries, identify patterns and correlations, and inform climate policy decisions. However, it is essential to note that the dataset has limitations, as discussed in the research literature, which highlights the need for post-growth approaches to address climate change effectively.","{""summary"": ""This is a lengthy article on the topic of \""green growth\"" and its limitations in addressing climate change. The authors argue that green growth, which aims to reduce emissions while maintaining economic growth, is not sufficient to meet the Paris Agreement's goal of limiting global warming to 1.5\u00b0C above pre-industrial levels.\n\nHere are some key points from the article:\n\n**Limitations of Green Growth**\n\n* Green growth assumes that it is possible to decouple economic growth from emissions, but this is not supported by evidence.\n* The authors argue that green growth scenarios rely on unrealistic assumptions about decoupling and energy efficiency.\n* They also point out that green growth often involves continued economic growth in high-income countries, which can lead to increased emissions in low-income countries.\n\n**Post-Growth Approaches**\n\n* The authors propose post-growth approaches as an alternative to green growth. These approaches aim to reduce carbon or energy-intensive production and consumption while increasing necessary forms of provisioning.\n* Post-growth policies focus on specific sufficiency and efficiency measures, such as reducing meat consumption, increasing public transportation, and promoting renewable energy.\n\n**Implications for Climate Policy**\n\n* The authors argue that climate-mitigation policy should not be seen in isolation but rather as part of a broader ecological crisis. They point out that the global economy is transgressing six planetary boundaries, including emissions.\n* They emphasize the need to address other environmental impacts, such as ecosystem damage and biodiversity loss, which are closely related to material use driven by economic growth.\n\n**Future Research Directions**\n\n* The authors suggest that future research should involve a similar analysis of national performance on other planetary boundaries.\n* They also highlight the importance of considering the social and distributional implications of climate policy, including issues of equity and justice.\n\nOverall, the article argues that green growth is not sufficient to address climate change and that post-growth approaches are needed to reduce emissions while improving human well-being."", ""dataset_name"": ""The Global Carbon Project's fossil CO2 emissions dataset"", ""source_length"": 53995, ""full_source_length"": 65116}",9,8,9,"{""completeness"": 9, ""conciseness"": 8, ""readability"": 9}",2025-12-04 11:29:44
Augmented_AutoDDG-114613,The FluPRINT database,Structured_v1-llm-relevance-chunks-new-integration,Augmented_AutoDDG,"This dataset contains immune cell analysis data from patients undergoing immunotherapy with checkpoint inhibitors (ICIs) who developed myocarditis, an inflammation of the heart muscle. The data was acquired using single-cell techniques such as CyTOF, CITE-seq, and TCR-seq to analyze blood samples from these patients compared to healthy controls. Key variables include immune cell subsets, cytokine profiles, and chemokine expression levels. The dataset is used in a research article published in the journal Circulation to investigate the pathogenic immune cells involved in ICI-induced myocarditis. The study identifies specific immune cells and pathways that may serve as therapeutic targets for preventing or treating this condition.","{""summary"": ""This is a research article published in the journal Circulation, titled \""Pathogenic Immune Cell Subsets in ICI Myocarditis\"". The article discusses the findings of a study that used single-cell techniques to investigate the immune cells involved in myocarditis (inflammation of the heart muscle) in patients undergoing immunotherapy with checkpoint inhibitors (ICIs).\n\nHere's a summary of the main points:\n\n**Background**: Immunotherapy with ICIs has revolutionized cancer treatment, but it can also cause autoimmune side effects, including myocarditis. The study aimed to identify the specific immune cells involved in ICI-induced myocarditis.\n\n**Methods**: The researchers used single-cell techniques (CyTOF, CITE-seq, and TCR-seq) to analyze blood samples from patients with ICI-induced myocarditis and compared them to healthy controls. They also used a mouse model of myocarditis to validate their findings.\n\n**Key Findings**:\n\n1. **Temra CD8+ cells**: The researchers identified a specific subset of effector CD8+ T cells, called Temra CD8+ cells, which were highly associated with ICI-induced myocarditis.\n2. **Chemokine upregulation**: The study found that the chemokines CCL4, CCL4L2, and CCL5 were upregulated in the blood of patients with ICI-induced myocarditis.\n3. **Immune checkpoint expression**: The researchers observed increased expression of immune checkpoints (LAG-3 and PD-1) on T cells from patients with ICI-induced myocarditis.\n\n**Implications**:\n\n1. **Therapeutic targets**: The study suggests that targeting the chemokine pathway, particularly CCR5 inhibitors like maraviroc, may be a promising approach to prevent or treat ICI-induced myocarditis.\n2. **Immune checkpoint modulation**: The findings also suggest that modulating immune checkpoints (e.g., LAG-3 and PD-1) may be an effective strategy to mitigate autoimmune side effects of ICIs.\n\n**Limitations**: The study had some limitations, including the small sample size and the need for further validation in larger cohorts. However, the researchers conclude that their findings provide valuable insights into the pathogenesis of ICI-induced myocarditis and suggest potential therapeutic targets.\n\nOverall, this study contributes to our understanding of the immune mechanisms underlying ICI-induced myocarditis and highlights the importance of developing targeted therapies to prevent or treat this condition."", ""dataset_name"": ""The FluPRINT database"", ""source_length"": 64679, ""full_source_length"": 91565}",9,8,9,"{""completeness"": 9, ""conciseness"": 8, ""readability"": 9}",2025-12-04 11:46:13
Augmented_AutoDDG-114625,CODE-15%: a large scale annotated dataset of 12-lead ECGs,Structured_v1-llm-relevance-chunks-new-integration,Augmented_AutoDDG,"This dataset contains electrocardiogram (ECG) data from various patients, including their exam IDs, ages, genders, predicted ages, and other relevant information. The dataset has a unique identifier for each patient and includes temporal data on cardiac arrhythmias, atrial fibrillation risk prediction, and age estimation. The key variables in this dataset are exam ID, age, is_male, nn_predicted_age, 1dAVb, RBBB, LBBB, SB, ST, AF, patient_id, death, timey, normal_ecg, and trace_file. This dataset was used to explore the performance of deep learning (DL) and feature engineering (FE) approaches in three cardio-related tasks: cardiac arrhythmia diagnosis, atrial fibrillation risk prediction, and age estimation using ECG data.","{""summary"": ""This is a research paper that explores the performance of deep learning (DL) and feature engineering (FE) approaches in three cardio-related tasks: cardiac arrhythmia diagnosis, atrial fibrillation risk prediction, and age estimation using electrocardiogram (ECG) data.\n\n**Key Findings**\n\n1. **DL outperforms FE for age estimation**: The DL model achieved a higher R-squared value (R2 = 0.83) compared to the FE approach (R2 = 0.60) for age estimation.\n2. **Comparable performance of DL and FE for diagnosis and risk prediction**: For cardiac arrhythmia diagnosis and atrial fibrillation risk prediction, both DL and FE approaches achieved similar performances.\n3. **DL architecture comparison**: The study compared three state-of-the-art models (Ribeiro et al., Han et al., and Hannun et al.) and found that the choice of DL architecture did not significantly impact the results.\n\n**Limitations**\n\n1. **Limited test set size for arrhythmia diagnosis**: The test set included only a small number of recordings, which limited the ability to assess the relative performance of each approach.\n2. **Insufficient data for AF risk prediction**: The train set had fewer recording examples (806k) compared to other tasks, preventing further investigation into whether DL performance would continue increasing with more data.\n\n**Conclusion**\n\nThe study demonstrates that deep learning can be a powerful tool for cardio-related tasks, particularly when traditional feature engineering approaches are not sufficient. However, the choice of DL architecture and the availability of large datasets are crucial factors in achieving optimal results.\n\n**Recommendations**\n\n1. **Further investigation into explainability**: The study highlights the need to investigate the comparison and explanation of deep features.\n2. **Increasing dataset size**: Adding new arrhythmia recordings would be beneficial for improving the accuracy of DL models.\n3. **Exploring other cardio-related tasks**: The study's findings can be extended to other cardio-related tasks, such as heart rate variability analysis or cardiac disease diagnosis.\n\nOverall, this research paper contributes to the growing body of work on deep learning applications in cardiology and highlights the potential benefits of using DL approaches for cardio-related tasks."", ""dataset_name"": ""CODE-15%: a large scale annotated dataset of 12-lead ECGs"", ""source_length"": 53236, ""full_source_length"": 55673}",9,8,9,"{""completeness"": 9, ""conciseness"": 8, ""readability"": 9}",2025-12-04 11:46:25
Augmented_AutoDDG-114640,T1GDUJA: Glucose dataset of a patient with type 1 diabetes mellitus,Structured_v1-llm-relevance-chunks-new-integration,Augmented_AutoDDG,"This dataset contains temporal data related to Type 1 Diabetes management, specifically glucose level measurements from an interstitial continuous glucose monitoring sensor. The dataset includes three variables: date, sgv (glucose measurement value), and utcOffset (time zone offset). There are 41701 unique dates, with a coverage of hourly resolution for both sgv and utcOffset. The data spans multiple patients, allowing for multipatient framework analysis. This dataset was used in a research study to develop a system generating high-quality linguistic summaries from time series data, highlighting the importance of interpretability and sustainability in AI applications.","{""summary"": ""This text appears to be a research paper on developing a system for generating high-quality linguistic summaries from time series data in the field of diabetes management. Here's a summary of the main points:\n\n**Introduction**\n\nThe paper introduces the problem of managing diabetes, which requires continuous monitoring and analysis of glucose levels. The authors propose a system that can generate high-quality linguistic summaries from time series data to support decision-making.\n\n**Methodology**\n\nThe system uses a real-time multipatient monitoring architecture to track glucose levels using an interstitial continuous glucose monitoring sensor. A layer-based methodology is used to visualize diabetes measures in an interpretable way, involving experts and diabetic users (or their relatives) in the design process.\n\n**Key Features**\n\n1. **Layer-based methodology**: The system uses a layer-based approach to analyze time series data, allowing for different abstraction levels to be considered.\n2. **FL theory**: The use of Fuzzy Logic (FL) theory enables the extrapolation of key elements into words, making the summaries more interpretable.\n3. **Multipatient framework**: The system allows for monitoring and visualization of diabetes measures across multiple patients.\n\n**Comparison with GPT-4**\n\nThe authors compare their system with GPT-4, a large language model (LLM) that can generate text from input data. While GPT-4 can produce acceptable results, the authors argue that its low interpretability, high computational resources required, and lack of alignment with Sustainable Development Goals (SDGs) make it unsuitable for this application.\n\n**Conclusion**\n\nThe paper concludes that the proposed system is a feasible, innovative, sustainable, and complete solution for generating high-quality linguistic summaries from time series data in diabetes management. Future work includes improving the linguistic descriptions by considering a more extended period of time and enabling assessment of patient historical data.\n\n**References**\n\nThe paper cites several references on related topics, including:\n\n1. **Diabetes management**: The authors reference various sources on diabetes management, including the International Diabetes Federation (IDF) definition of diabetes.\n2. **Time series analysis**: They cite papers on time series analysis and segmentation, such as [48] and [49].\n3. **Linguistic comparison**: The authors reference a paper on linguistic comparison of time series using the end-point fit algorithm [52].\n\nOverall, this paper presents a novel approach to generating high-quality linguistic summaries from time series data in diabetes management, highlighting the importance of interpretability and sustainability in AI applications."", ""dataset_name"": ""T1GDUJA: Glucose dataset of a patient with type 1 diabetes mellitus"", ""source_length"": 63996, ""full_source_length"": 70179}",9,8,9,"{""completeness"": 9, ""conciseness"": 8, ""readability"": 9}",2025-12-04 11:46:40
Augmented_AutoDDG-114703,A comprehensive database of expert-curated occurrences for the genus Carex L. (Cyperaceae),Structured_v1-llm-relevance-chunks-new-integration,Augmented_AutoDDG,"This dataset contains information about Carex species distribution, including their scientific names, geographic locations, and temporal data. The dataset is based on research literature that explores the biogeography and phylogenetics of Carex species in South America. It includes references to various scientific papers that discuss plant diversity, climate change, and evolutionary biology. The dataset has a semantic profile that represents identifier, source, location, and temporal entity, among others. It can be used for studying the distribution and evolution of Carex species, as well as understanding the impact of climate change on plant diversity in South America.","{""summary"": ""This appears to be a list of references cited in a scientific paper on the biogeography and phylogenetics of Carex (sedge) species in South America. The references are from various scientific journals and cover topics such as plant diversity, climate change, and evolutionary biology.\n\nHere is a brief summary of each reference:\n\n1. Fiaschi et al. (2016): This paper discusses the biogeography of the flora of South America.\n2. Fick and Hijmans (2017): This study presents new 1-km spatial resolution climate surfaces for global land areas, including South America.\n3. Freyman and H\u00f6hna (2019): This paper uses stochastic character mapping to investigate the tempo of evolutionary decline in self-compatible Onagraceae lineages.\n4. Gajardo (1994): This book provides a classification and geographic distribution of natural vegetation in Chile.\n5. Garc\u00eda-Moro et al. (2022): This study explores the biogeography and systematics of Carex subgenus Uncinia (Cyperaceae) in South America.\n6. Garreaud et al. (2009): This paper discusses present-day climate conditions in South America.\n7. Garzione et al. (2006): This study investigates the rapid late Miocene rise of the Bolivian altiplano and its implications for Andean uplift.\n8. Gregory-Wodzicki (2000): This review article discusses the uplift history of the central and northern Andes.\n9. Harmon et al. (2008): This paper presents a method for investigating evolutionary radiations using phylogenetic comparative methods.\n10. Hartley (2003): This study explores the relationship between Andean uplift and climate change.\n\nThe remaining references are:\n\n11. Roberts et al. (2017): This study investigates multiple tropical Andean glaciations during a period of late Pliocene warmth.\n12. Rull (2020): This book chapter provides an overview of Neotropical diversification patterns and processes.\n13. Sanz-Arnal et al. (2025a, 2025b): These papers present a comprehensive database of expert-curated occurrences for the genus Carex L. (Cyperaceae) and a dataset of Carex expert-curated data.\n14. Scherson et al. (2008): This study explores the phylogeny, biogeography, and rates of diversification of New World Astragalus (Leguminosae).\n15. Schuettpelz and Pryer (2009): This paper presents evidence for a Cenozoic radiation of ferns in an angiosperm-dominated canopy.\n16. Sede et al. (2012): This study investigates phylogeography and paleodistribution modeling in the Patagonian steppe using Mulinum spinosum as a case study.\n17. Silva (2018): This online resource provides information on the ecoregion of southern Brazil, eastern Paraguay, and easternmost Argentina.\n18. Simon et al. (2009): This paper presents evidence for recent assembly of the Cerrado, a Neotropical plant diversity hotspot, by in situ evolution of adaptations to fire.\n19. Ulloa-Ulloa et al. (2017): This study presents an integrated assessment of vascular plants species of the Americas.\n20. Van der Hammen and Hooghiemstra (2000): This paper discusses Neogene and Quaternary history of vegetation, climate, and plant diversity in Amazonia.\n21. Villagra\u00edn and Hinojosa (1997): This study provides a historical analysis of forest ecosystems in southern South America.\n22. Villaverde et al. (2015): This paper presents evidence for long-distance dispersal during the Middle-Late Pleistocene explaining the bipolar disjunction of Carex maritima (Cyperaceae).\n23. Villaverde et al. (2017): This review article discusses bipolar distributions in vascular plants.\n24. Villaverde et al. (2020): This study presents a new classification of Carex (Cyperaceae) subgenera supported by a Hyb-Seq backbone phylogenetic tree.\n25. Wang et al. (2020): This paper introduces the R package Treeio for phylogenetic tree input and output with richly annotated and associated data.\n26. Wickham (2006): This online resource provides information on the ggplot2 package in R.\n\nThe references are likely used to support the authors' arguments about the biogeography and phylogenetics of Carex species in South America, as well as to provide a broader context for understanding plant diversity and evolutionary processes in the region."", ""dataset_name"": ""A comprehensive database of expert-curated occurrences for the genus Carex L. (Cyperaceae)"", ""source_length"": 94557, ""full_source_length"": 125782}",9,8,9,"{""completeness"": 9, ""conciseness"": 8, ""readability"": 9}",2025-12-04 11:47:03
Augmented_AutoDDG-114748,TetrapodTraits Database,Structured_v1-llm-relevance-chunks-new-integration,Augmented_AutoDDG,"This dataset is a collection of references cited in a scientific paper titled ""A phylogeny-informed characterization of global tetrapod traits addresses data gaps and biases."" The references cover various fields of study, including ecology, evolution, biogeography, and statistics. The dataset includes 101 references from ecological studies, phylogenetic analysis, statistical analysis, biogeography and taxonomy, and methodological papers. Key variables in the dataset include species distribution, biodiversity, phylogenetic methods, tree construction, evolutionary rate variation, statistical modeling, data imputation, goodness-of-fit tests, species description, biogeographic patterns, taxonomic classification, null model analysis, pattern detection, and data integration.  The dataset can be used for various purposes such as understanding ecological patterns and species distribution, developing phylogenetic methods and tree construction techniques, improving statistical modeling and data imputation, and addressing data gaps and biases in tetrapod traits. The research literature provides a comprehensive overview of the methodologies and theories used in the paper to address these issues.  The dataset is particularly useful for researchers working on phylogeny-informed characterization of global tetrapod traits, as it provides a wide range of references that can be used to inform their studies. However, it's worth noting that the dataset may have limitations due to its reliance on existing literature and potential biases in the selection of references.  The semantic profile of the dataset reveals that it contains spatial data (resolution: Country/Region), temporal data (resolution: Year), and geographic entities, indicating that it is a geospatial dataset. The topic of the dataset is related to Avian Taxonomy Research, specifically focusing on bird species diversity and distribution.","{""summary"": ""This appears to be a list of references cited in a scientific paper titled \""A phylogeny-informed characterization of global tetrapod traits addresses data gaps and biases.\"" The references are from various fields of study, including ecology, evolution, biogeography, and statistics.\n\nHere's a breakdown of the types of references:\n\n1. **Ecological studies**: 34 references (e.g., [120], [121], [122]) related to biodiversity, species distribution, and ecological patterns.\n2. **Phylogenetic analysis**: 10 references (e.g., [90], [91]) related to phylogenetic methods, tree construction, and evolutionary rate variation.\n3. **Statistical analysis**: 14 references (e.g., [97], [98], [99]) related to statistical modeling, data imputation, and goodness-of-fit tests.\n4. **Biogeography and taxonomy**: 23 references (e.g., [123], [124], [135]) related to species description, biogeographic patterns, and taxonomic classification.\n5. **Methodological papers**: 20 references (e.g., [101], [102], [103]) related to null model analysis, pattern detection, and data integration.\n\nThe references cover a wide range of topics, including:\n\n* Phylogenetic methods and tree construction\n* Ecological patterns and species distribution\n* Statistical modeling and data imputation\n* Biogeographic patterns and taxonomic classification\n* Data integration and synthesis\n\nOverall, the references provide a comprehensive overview of the methodologies and theories used in the paper to address data gaps and biases in tetrapod traits."", ""dataset_name"": ""TetrapodTraits Database"", ""source_length"": 125370, ""full_source_length"": 136735}",9,8,9,"{""completeness"": 9, ""conciseness"": 8, ""readability"": 9}",2025-12-04 11:47:48
Augmented_AutoDDG-114801,leafnp_data,Structured_v1-llm-relevance-chunks-new-integration,Augmented_AutoDDG,"This dataset contains plant species with various attributes, including spatial data, temporal data, and measurement values. The dataset includes records of leaf nitrogen (N) and phosphorus (P) concentrations for over 3,300 species across the globe. It combines data from two previous studies with additional environmental variables to create a comprehensive dataset. The dataset can be used for research in plant ecology, forest ecology, tree characteristics, biodiversity data, and ecosystem attributes. The study highlights the importance of considering both between- and within-species variations when studying plant ecology.","{""summary"": ""This is a research article on plant ecology, specifically focusing on the relationship between leaf nutrient concentrations and environmental factors. Here's a summary of the main points:\n\n**Research Design**\n\nThe study combines data from two previous studies (Tian et al., 2022; Sardans et al., 2021) with additional environmental variables to create a comprehensive dataset. The dataset includes records of leaf nitrogen (N) and phosphorus (P) concentrations for over 3,300 species across the globe.\n\n**Methods**\n\nThe authors used a trait gradient analysis (TGA) to investigate the relationship between leaf nutrient concentrations and environmental factors. They also conducted a \""species variation decomposition\"" to quantify the contribution of within-species variations to the observed patterns.\n\n**Results**\n\nThe TGA revealed that leaf N and P concentrations are strongly influenced by environmental factors, including climate, soil type, and vegetation structure. The authors found that species with high plasticity in their nutrient concentrations tend to occur in environments with varying conditions.\n\n**Species Variation Decomposition**\n\nThe decomposition analysis showed that within-species variations contribute significantly to the observed patterns of leaf N and P concentrations. This suggests that individual plants can adapt to changing environmental conditions, leading to variation in nutrient concentrations within species.\n\n**Discussion**\n\nThe study highlights the importance of considering both between- and within-species variations when studying plant ecology. The authors argue that their findings have implications for understanding how plants respond to environmental changes and how this may impact ecosystem functioning.\n\n**References**\n\nThe article cites 11 previous studies on plant ecology, including seminal papers by Chapin et al. (1986), Reich et al. (2006), and Wright et al. (2004).\n\n**Code Availability**\n\nThe authors provide code for the analysis on Zenodo, allowing other researchers to replicate their findings.\n\nOverall, this study contributes to our understanding of plant ecology and the complex relationships between leaf nutrient concentrations and environmental factors."", ""dataset_name"": ""leafnp_data"", ""source_length"": 58721, ""full_source_length"": 74200}",9,8,9,"{""completeness"": 9, ""conciseness"": 8, ""readability"": 9}",2025-12-04 11:48:01
Augmented_AutoDDG-114813,Summary-level data from meta-analysis of fat distribution phenotypes in UK Biobank and GIANT,Structured_v1-llm-relevance-chunks-new-integration,Augmented_AutoDDG,"This dataset contains genetic variant information with corresponding statistics from a study investigating the relationship between obesity, adiposity, and blood traits. The data includes chromosome (CHR), position (POS), single nucleotide polymorphism (SNP) identifiers, tested allele, other allele, frequency of the tested allele, beta values, standard errors, p-values, sample sizes, and information metrics. The study used publicly available datasets from the UK Biobank and other sources to perform genome-wide association studies (GWAS) and identify associations between obesity/adiposity and blood traits. The dataset provides insights into the genetic factors influencing these relationships, highlighting the importance of considering both genetic and environmental factors.","{""summary"": ""This appears to be a research article in the field of genetics and genomics, specifically focusing on the relationship between obesity, adiposity, and blood traits. The article is titled \""Short report: Obesity and Adiposity Influence Blood Traits\"" and was published in eLife.\n\nHere's a summary of the content:\n\n**Introduction**\n\nThe authors note that there is a complex relationship between obesity, adiposity (body fat distribution), and various blood traits, such as hematocrit, hemoglobin, and red blood cell count. They aim to investigate this relationship using genome-wide association studies (GWAS) and other statistical methods.\n\n**Methods**\n\nThe authors used publicly available datasets from the UK Biobank, Meta-analysis of Genome-Wide Association Studies for Body Fat Distribution in 694,649 Individuals of European Ancestry, and other sources. They performed GWAS, gene-level analyses, and gene ontology (GO) enrichment analyses to identify associations between obesity/adiposity and blood traits.\n\n**Results**\n\nThe authors identified several significant associations between obesity/adiposity and blood traits, including:\n\n* Obesity was associated with lower hematocrit and hemoglobin levels.\n* Adiposity was associated with higher red blood cell count and mean corpuscular volume (MCV).\n* The authors also identified several genes involved in these relationships, including RSPO3, which has been previously linked to bone health.\n\n**Discussion**\n\nThe authors discuss the implications of their findings, noting that obesity and adiposity have complex effects on various blood traits. They suggest that these associations may be influenced by genetic factors, as well as environmental and lifestyle factors.\n\n**Conclusion**\n\nThe authors conclude that their study provides new insights into the relationship between obesity/adiposity and blood traits, highlighting the importance of considering both genetic and environmental factors in understanding these relationships.\n\n**References**\n\nThe article includes a list of references to other studies that have investigated similar topics. These include:\n\n* Vuckovic et al (2020) - Blood Trait Summary Statistics (UKBB)\n* Pulit et al (2019) - Meta-analysis of genome-wide association studies for body fat distribution in 694,649 individuals of European ancestry\n* van der Harst and Verweij (2018) - CAD Summary Statistics\n* Klarin et al (2018) - Lipid Trait Summary Statistics\n\nOverall, this article provides a comprehensive overview of the relationship between obesity/adiposity and blood traits, highlighting the importance of considering both genetic and environmental factors in understanding these relationships."", ""dataset_name"": ""Summary-level data from meta-analysis of fat distribution phenotypes in UK Biobank and GIANT"", ""source_length"": 39235, ""full_source_length"": 49607}",9,8,9,"{""completeness"": 9, ""conciseness"": 8, ""readability"": 9}",2025-12-04 11:48:13
Augmented_AutoDDG-114836,Coronavirus disease (COVID-19) case data - South Africa,Structured_v1-llm-relevance-chunks-new-integration,Augmented_AutoDDG,"This dataset contains COVID-19 case data for South Africa, with each row representing a specific date and including various metrics such as confirmed cases, deaths, etc. The data spans from 2020 to 2022, covering different provinces in the country. The dataset has a total of 864 unique dates and includes information on the number of cases, deaths, and recoveries for each province. It also provides details on the source of the data, which is crucial for understanding the accuracy and reliability of the information.  The semantic profile of the dataset reveals that it contains temporal data with varying resolutions, including daily, yearly, and date-specific information. The domain-specific types include financial, general, and measurement categories, indicating the diversity of variables included in the dataset. Furthermore, the dataset's topic is centered around COVID-19 cases in South Africa, making it a valuable resource for researchers and policymakers interested in understanding the pandemic's impact on the country.  The research literature provides additional context about the dataset, suggesting that it was used as supplementary material for a study focused on analyzing the spread of COVID-19 in South Africa. The tables included in the appendices provide approximate epidemic timing information for each wave (Ancestral, Beta, Delta, Omicron) in each province, highlighting the importance of understanding the temporal dynamics of the pandemic.  The dataset's key variables include date, EC, FS, GP, KZN, LP, MP, NC, NW, WC, UNKNOWN, total, and source. These variables provide a comprehensive picture of the COVID-19 situation in South Africa, allowing researchers to analyze trends, patterns, and correlations between different metrics. The dataset can be used for various purposes, such as tracking the spread of the virus, identifying high-risk areas, and informing public health policies.  The research study highlights the importance of understanding the temporal dynamics of the pandemic, particularly the start and end dates of each wave in each province. By analyzing these tables, researchers can gain insights into the impact of different waves on various provinces, ultimately contributing to a better comprehension of the pandemic's effects on South Africa.","{""summary"": ""This appears to be a supplementary material for a research article, specifically the appendices and tables related to the study. I'll break down the content into sections:\n\n**Appendix 1: Tables**\n\n* **Table 1**: Approximate epidemic timing (mm/dd/yy) for each wave in each province.\n\t+ This table lists the start and end dates of each wave (Ancestral, Beta, Delta, Omicron) in each province (Gauteng, KwaZulu-Natal, Western Cape, Eastern Cape, Limpopo, Mpumalanga, North West, Free State, Northern Cape).\n* **Table 2**: Approximate epidemic timing (mm/dd/yy) for each wave in each province (continued from Table 1).\n\n**Appendix 2: Tables**\n\n* **Table 3**: Approximate epidemic timing (mm/dd/yy) for each wave in each province.\n\t+ This table is identical to Table 1, suggesting a duplication of information.\n\n**Appendix 5: Tables**\n\n* **Table 6**: Approximate epidemic timing (mm/dd/yy) for each wave in each province.\n\t+ This table is identical to Table 1 and Table 2, suggesting another duplication of information.\n\n**Appendix 6: Tables**\n\n* **Table 7**: Approximate epidemic timing (mm/dd/yy) for each wave in each province.\n\t+ This table is identical to the previous tables, indicating a further duplication of information.\n\nThe rest of the content appears to be related to the study's methodology and data, including:\n\n* **Appendix 1: Tables**:\n\t+ Table 4: Approximate epidemic timing (mm/dd/yy) for each wave in each province.\n\t+ Table 5: Approximate epidemic timing (mm/dd/yy) for each wave in each province.\n* **Appendix 2: Tables**:\n\t+ Table 6: Approximate epidemic timing (mm/dd/yy) for each wave in each province.\n* **Appendix 3: Tables**:\n\t+ Table 7: Approximate epidemic timing (mm/dd/yy) for each wave in each province.\n* **Appendix 4: Tables**:\n\t+ Table 8: Approximate epidemic timing (mm/dd/yy) for each wave in each province.\n\nThe tables appear to be identical, suggesting a duplication of information. The content is related to the study's methodology and data, including:\n\n* **Approximate epidemic timing**: This refers to the start and end dates of each wave (Ancestral, Beta, Delta, Omicron) in each province.\n* **Tables 1-8**: These tables list the approximate epidemic timing for each wave in each province.\n\nThe study appears to be focused on analyzing the spread of COVID-19 in South Africa, specifically looking at the different waves (Ancestral, Beta, Delta, Omicron) and their impact on various provinces. The tables provide a summary of the epidemic timing for each wave in each province."", ""dataset_name"": ""Coronavirus disease (COVID-19) case data - South Africa"", ""source_length"": 122787, ""full_source_length"": 137007}",9,8,9,"{""completeness"": 9, ""conciseness"": 8, ""readability"": 9}",2025-12-04 11:48:36
Augmented_AutoDDG-114849,European database of processing factors for pesticides residues in food,Structured_v1-llm-relevance-chunks-new-integration,Augmented_AutoDDG,"This dataset contains information on pesticide residues in various food products, including raw primary commodities, processed commodities, and their corresponding processing factors. The data is sourced from the European Food Safety Authority (EFSA) and includes details on storage conditions, analytical methods, and mass balance percentages. The dataset has a semantic profile that represents substances, chemicals, codes, products, and temporal entities, among others. It can be used for research purposes related to food safety and pesticide residues in processed foods. The data is organized into various categories, including processing factors, raw primary commodities, and processed commodities, providing valuable insights for regulatory agencies and researchers.","{""summary"": ""This appears to be a document from the European Food Safety Authority (EFSA) related to the EU database of processing factors for pesticide residues. The document is a supporting publication that provides background information and references to various documents related to the topic.\n\nHere's a summary of the main points:\n\n**Background Document**: The document provides an overview of the EU database of processing factors, which is used to estimate the levels of pesticide residues in food commodities after processing.\n\n**Key Concepts**:\n\n* **RAC**: Raw Agricultural Commodity (synonymous with RPC)\n* **RPC**: Raw Primary Commodity (synonymous with RAC)\n* **PF(s)**: Processing Factor(s) - a value that estimates the level of pesticide residue reduction during processing\n* **PC**: Processed Commodity\n\n**References to Supporting Documents**:\n\n* Compendium of Representative Processing Techniques Investigated in Regulatory Studies for Pesticides\n* Linking Processed Foods and Processing Techniques to the FoodEx2 Coding System (Excel Spreadsheet)\n* Background Document on the EU Database of Processing Factors for Pesticide Residues\n* EU Database of Processing Factors for Pesticide Residues (Excel Spreadsheet)\n\n**Glossary and Abbreviations**: The document provides a list of abbreviations and acronyms used in the text, including EFSA, EU, JMPR, MRL, OECD, PARAM, PC, PF(s), RAC, RPC, RUEDIS, etc.\n\nOverall, this document appears to be a technical report that provides background information on the EU database of processing factors for pesticide residues. It is likely intended for use by regulatory agencies, researchers, and other stakeholders interested in understanding the levels of pesticide residues in food commodities after processing."", ""dataset_name"": ""European database of processing factors for pesticides residues in food"", ""source_length"": 84375, ""full_source_length"": 80794}",8,9,9,"{""completeness"": 8, ""conciseness"": 9, ""readability"": 9}",2025-12-04 11:48:49
Augmented_AutoDDG-114901,The Global Carbon Project's fossil CO2 emissions dataset,Structured_v1-llm-relevance-chunks-new-integration,Augmented_AutoDDG,"This dataset contains carbon emissions data for various countries worldwide, covering the years from 1750 to 2020. The dataset includes measurements of total emissions, coal, oil, gas, cement, flaring, other emissions, and per capita emissions. It provides a comprehensive view of global carbon emissions patterns over time. The semantic profile indicates that the dataset contains spatial data (country-level) and temporal data (yearly resolution), with measurement and magnitude values for various emission types. This dataset can be used to analyze country-specific carbon emissions trends, identify areas of high emissions, and inform climate policy decisions.","{""summary"": ""The article discusses the concept of \""green growth\"" as a strategy to mitigate climate change by reducing emissions while continuing economic growth. However, the authors argue that this approach is flawed and propose an alternative framework called \""post-growth\"" or \""degrowth.\"" They contend that post-growth approaches prioritize sufficiency and efficiency policies over GDP growth and aim to reduce carbon-intensive production and consumption.\n\nThe article presents several key points:\n\n1. **Green growth is not feasible**: The authors argue that the required decoupling rates (i.e., reducing emissions while maintaining economic growth) are unrealistic, and green growth scenarios rely on unproven assumptions about energy efficiency and renewable energy deployment.\n2. **Post-growth approaches are necessary**: The authors propose post-growth policies that focus on specific sufficiency and efficiency measures, such as reducing carbon-intensive production and consumption, increasing public investment in decarbonization, and promoting decommodification of essential services.\n3. **GDP is not a suitable metric for climate policy**: The authors argue that GDP growth is not an accurate indicator of well-being or sustainability and that post-growth policies can secure livelihoods and improve wellbeing independently of GDP changes.\n4. **Climate mitigation should be integrated with broader ecological crisis management**: The article highlights the need to address other planetary boundaries, such as ecosystem damage and biodiversity loss, in addition to climate change.\n\nThe authors also discuss the implications of their findings:\n\n1. **High-income countries are responsible for most emissions**: The article emphasizes that high-income countries are overwhelmingly responsible for environmental degradation and should take the lead in transitioning to post-growth economies.\n2. **Lower-income countries can achieve decent living standards without overexploiting resources**: The authors argue that lower-income countries can stay within their fair-share carbon budgets while increasing production and consumption to achieve decent living standards, provided they have access to necessary finance and technology.\n\nThe article concludes by emphasizing the need for a fundamental shift in economic thinking and policy-making to address the climate crisis effectively."", ""dataset_name"": ""The Global Carbon Project's fossil CO2 emissions dataset"", ""source_length"": 53995, ""full_source_length"": 65116}",9,8,9,"{""completeness"": 9, ""conciseness"": 8, ""readability"": 9}",2025-12-04 11:49:01
Augmented_AutoDDG-123602,The FluPRINT database,Structured_v1-llm-relevance-chunks-remove-references,Augmented_AutoDDG,"This dataset contains immune cell analysis data from healthy patients without cancer and not on immunotherapy (ICI). The dataset includes measurements of various immune cell populations in peripheral blood mononuclear cells, which can be used to understand the cellular subsets and mechanisms involved in ICI myocarditis. The dataset was used as a control dataset for comparison with patient data in a study on ICI myocarditis. It has 2325 samples and contains data on key variables such as immune cell populations, cytokine profiling, and vaccine response. The dataset can be used to identify biomarkers for ICI myocarditis and develop new treatments.  The semantic profile of the dataset indicates that it represents a collection of measurements from various assays, including CyTOF analysis and scRNA-seq analysis. The data is organized by identifier (donor_id), study ID, gender, race, visit ID, visit year, visit day, and other variables related to vaccine response and influenza infection history.  The dataset can be used for a variety of applications in immunology research, including understanding the cellular subsets and mechanisms involved in ICI myocarditis, characterizing immune cell populations in patients with ICI myocarditis, and identifying biomarkers for ICI myocarditis. The dataset's key variables include measurements of various immune cell populations, cytokine profiling, and vaccine response.  The FluPRINT database was used as a control dataset for comparison with patient data in a study on ICI myocarditis. The dataset showed a significant increase in Temra CD8+ cells in patients with ICI myocarditis compared to controls. However, the paper does not provide detailed information about the collection method, preprocessing steps, or size of the dataset.  The dataset's limitations include its reliance on a single control group and the potential for biases in the selection of healthy donors. Despite these limitations, the FluPRINT database provides valuable insights into immune cell populations in patients with ICI myocarditis and can be used as a resource for future studies on this topic.","{""summary"": ""Here is the extracted information about the dataset \""The FluPRINT database\"" in JSON format:\n\n```\n{\n  \""domain_and_applications\"": {\n    \""field\"": \""immunology\"",\n    \""research_questions\"": [\n      \""Understanding the cellular subsets and mechanisms involved in ICI myocarditis\"",\n      \""Characterizing immune cell populations in patients with ICI myocarditis\""\n    ],\n    \""confidence\"": \""high\""\n  },\n  \""usage_in_study\"": {\n    \""how_used\"": \""used as a control dataset for comparison with patient data\"",\n    \""analyses_performed\"": [\n      \""CyTOF analysis of peripheral blood mononuclear cells\"",\n      \""scRNA-seq analysis of peripheral blood mononuclear cells\""\n    ],\n    \""key_findings\"": [\n      \""The FluPRINT database was used to compare immune cell populations in patients with ICI myocarditis with those without the condition\"",\n      \""The dataset showed a significant increase in Temra CD8+ cells in patients with ICI myocarditis compared to controls\""\n    ],\n    \""direct_quotes\"": []\n  },\n  \""dataset_characteristics\"": {\n    \""collection_method\"": \""Not mentioned in paper\"",\n    \""unique_features\"": [\n      \""Contains data on immune cell populations in peripheral blood mononuclear cells\""\n    ],\n    \""preprocessing\"": \""Not mentioned in paper\"",\n    \""size_or_scope\"": \""2325 samples from healthy patients without cancer and not on ICI\""\n  },\n  \""limitations\"": {\n    \""identified_limitations\"": [],\n    \""challenges\"": [],\n    \""biases_or_caveats\"": []\n  },\n  \""citation_context\"": [\n    \""The Stanford FluPrint Database was used as a control dataset for comparison with patient data.\""\n  ]\n}\n```\n\nNote that the paper does not provide detailed information about the collection method, preprocessing steps, or size of the dataset. Therefore, these fields are marked as \""Not mentioned in paper\""."", ""dataset_name"": ""The FluPRINT database"", ""source_length"": 12211, ""full_source_length"": 76710, ""num_context_blocks"": 1}",9,6,8,"{""completeness"": 9, ""conciseness"": 6, ""readability"": 8}",2025-12-04 12:36:02
Augmented_AutoDDG-123612,CODE-15%: a large scale annotated dataset of 12-lead ECGs,Structured_v1-llm-relevance-chunks-remove-references,Augmented_AutoDDG,"This dataset contains electrocardiogram (ECG) data from patients with various heart conditions. The key variables include exam_id, age, is_male, nn_predicted_age, patient_id, and trace_file, among others. The dataset has a unique identifier/code for each patient and includes measurements of the patient's age, gender, and predicted age based on ECG readings. It also contains temporal data related to heart conditions such as arrhythmia diagnosis and atrial fibrillation risk prediction. This dataset was used in a research study comparing feature engineering and deep learning approaches for medical diagnosis tasks.  The dataset has 345779 unique exam_id values and 233770 patient_id values, indicating a large number of patients with varying conditions. The age variable ranges from 0 to 84, while the nn_predicted_age variable covers a range of 0 to 86.26267. The trace_file variable contains temporal data related to ECG readings.  The dataset is particularly useful for tasks such as arrhythmia diagnosis and atrial fibrillation risk prediction, where both feature engineering and deep learning approaches have shown comparable performance. However, the study found that deep learning outperformed feature engineering in age estimation tasks, suggesting its potential for non-traditional clinical tasks. The dataset's limitations include a moderate number of cases for each arrhythmia class, which may limit generalizability.  This dataset can be used to develop and evaluate machine learning models for various medical diagnosis tasks, including age estimation, arrhythmia diagnosis, and atrial fibrillation risk prediction. Researchers can leverage the dataset's unique identifier/code for each patient to identify specific patients with certain conditions and explore their characteristics in more detail. The dataset's temporal data related to heart conditions can also be used to analyze trends and patterns over time.  The study highlights the importance of considering the specific task and dataset when choosing between feature engineering and deep learning approaches. It suggests that deep learning may not be necessary for classical clinical tasks but is better suited for non-traditional tasks like age estimation. The findings have implications for the development of machine learning models in medical diagnosis, particularly in cardio-related tasks.  The dataset's semantic profile indicates that it contains various types of data, including measurements (age, nn_predicted_age), classifications (is_male), and temporal data (trace_file). The study used this dataset to compare feature engineering and deep learning approaches for medical diagnosis tasks, highlighting the potential benefits and limitations of each approach.","{""summary"": ""This is a research paper on the comparison of feature engineering (FE) and deep learning (DL) approaches in medical diagnosis, specifically in cardio-related tasks such as arrhythmia diagnosis, atrial fibrillation risk prediction, and age estimation. Here's a summary of the main findings:\n\n**Main Findings:**\n\n1. **Comparable performance for classi\ufb01cation tasks**: For arrhythmia diagnosis and atrial fibrillation risk prediction, both FE and DL approaches reached similar or higher performance.\n2. **Significant improvement with DL for age estimation**: The deep learning approach outperformed feature engineering by a significant margin (R2 DL = 0.83 vs R2 FE = 0.60) for the age estimation task.\n3. **Learning curves**: The study found that certain tasks would require relatively small datasets to reach maximum performance, while others would benefit from larger datasets.\n\n**Key Insights:**\n\n1. **DL outperforms FE in non-traditional clinical tasks**: The study suggests that deep learning approaches are better suited for tasks that are not traditionally associated with the 12-lead ECG, such as age estimation.\n2. **FE is sufficient for classical clinical tasks**: For classi\ufb01cation tasks like arrhythmia diagnosis and atrial fibrillation risk prediction, feature engineering approaches can achieve similar performance to deep learning models using smaller datasets.\n\n**Limitations:**\n\n1. **Limited test set size**: The study notes that the limited test set size for the arrhythmia diagnosis task may have affected the ability to assess relative performance.\n2. **Dataset limitations**: Although the TNMG dataset is large, it has a moderate number of cases for each arrhythmia class, which may limit generalizability.\n\n**Conclusion:**\n\nThe study concludes that deep learning approaches can outperform feature engineering in non-traditional clinical tasks like age estimation, but may not be necessary for classical clinical tasks. The findings highlight the importance of considering the specific task and dataset when choosing between FE and DL approaches."", ""dataset_name"": ""CODE-15%: a large scale annotated dataset of 12-lead ECGs"", ""source_length"": 53716, ""full_source_length"": 49051, ""num_context_blocks"": 1}",9,8,9,"{""completeness"": 9, ""conciseness"": 8, ""readability"": 9}",2025-12-04 12:36:12
Augmented_AutoDDG-123620,T1GDUJA: Glucose dataset of a patient with type 1 diabetes mellitus,Structured_v1-llm-relevance-chunks-remove-references,Augmented_AutoDDG,"This dataset contains temporal data related to Type 1 Diabetes, with a focus on measurement values and time offsets. The dataset includes three columns: date, sgv, and utcOffset. The date column represents the timestamp of each measurement in text format, while the sgv column stores integer values representing measurement values. The utcOffset column is an integer that indicates the time offset from UTC. This dataset can be used for various applications, such as analyzing temporal patterns or predicting future measurements. It has a high coverage of unique values, with 309 unique sgv values and 2 unique utcOffset values.","{""summary"": ""This appears to be an academic paper or author information page. I'll provide a summary of the content.\n\n**Title:** (Not specified)\n\n**Authors:**\n\n1. Juan Francisco Gait\u00e1n-Guerrero\n2. Jos\u00e9 Luis L\u00f3pez Ruiz\n3. Macarena Espinilla\n4. Carmen Mart\u00ednez-Cruz\n\n**Summary:**\n\nThe authors are researchers in computer science and artificial intelligence, primarily focusing on the Internet of Things (IoT) and its applications in health environments. The paper appears to be a collection of author information, research interests, and publications.\n\n**Research Interests:**\n\n* Internet of Medical Things\n* Ambient Assisted Living\n* Indoor Location Systems\n* Sustainability\n\n**Publications:**\n\nThe authors have published numerous papers in SCI-indexed journals on topics such as:\n\n* Activity recognition for improving the quality of life for individuals\n* EHealth and ambient intelligence\n* Fuzzy databases, ontologies, and linguistic summarization\n* Elder care technologies\n\n**Author Information:**\n\nEach author has a brief biography, including their birthplace, education background, and current research positions.\n\n**References:**\n\nThe paper includes references to various academic papers and online resources related to the authors' research interests."", ""dataset_name"": ""T1GDUJA: Glucose dataset of a patient with type 1 diabetes mellitus"", ""source_length"": 77095, ""full_source_length"": 70163, ""num_context_blocks"": 1}",8,9,8,"{""completeness"": 8, ""conciseness"": 9, ""readability"": 8}",2025-12-04 12:36:20
Augmented_AutoDDG-123630,A comprehensive database of expert-curated occurrences for the genus Carex L. (Cyperaceae),Structured_v1-llm-relevance-chunks-remove-references,Augmented_AutoDDG,"This dataset contains information about Carex species distribution, including their scientific names, original names, infraspecific information, authorities, revised names, and revised infraspecific information. The data was collected from various sources, including literature references, and includes spatial and temporal information such as latitude, longitude, day, month, and year. The dataset can be used to study the biogeography and phylogenetics of Carex species, and its key variables include scientific names, original names, infraspecific information, authorities, revised names, and revised infraspecific information.   The data was used in a scientific article discussing the biogeography and phylogenetics of two species groups within the genus Carex (sedges). The authors reconstructed the evolutionary history of these species using DNA sequencing techniques and Bayesian dispersal-extinction-cladogenesis (DEC) models. They found that both groups showed a wide ecological range, with co-occurring lineages exhibiting notable ecological similarities.  The dataset has a semantic profile that includes identifier, source, literature reference, link, basis of record, scientific entity, plant name, name entity, location, temporal entity, spatial data, and organization. The topic of the dataset is Carex species distribution, and it can be used for various purposes such as studying the biogeography and phylogenetics of Carex species, understanding ecological traits and their relationships to phylogenetic and biogeographical patterns, and reconstructing evolutionary histories.  The dataset has a lengthy scientific article discussing its acquisition, key variables, and usage in the study. The authors used various methods, including DNA sequencing and phylogenetic analysis, to reconstruct the evolutionary history of Carex species. They found that both groups showed a wide ecological range, with co-occurring lineages exhibiting notable ecological similarities.  The dataset has some limitations identified by the paper, such as the use of multiple lines of evidence and methods to reconstruct evolutionary histories, and the importance of considering ecological traits and their relationships to phylogenetic and biogeographical patterns.","{""summary"": ""This is a lengthy scientific article discussing the biogeography and phylogenetics of two species groups within the genus Carex (sedges). The authors use various methods, including DNA sequencing and phylogenetic analysis, to reconstruct the evolutionary history of these species. Here's a summary of the main points:\n\n**Introduction**\n\nThe study focuses on two species groups: the C. phalaroides group (Psyllophorae) and sect. Bracteosellae (Vignea). The authors aim to understand their biogeographical histories, phylogenetic relationships, and ecological traits.\n\n**Methods**\n\nThe researchers used a combination of DNA sequencing techniques, including Hyb-Seq and AMAS, to generate large datasets for phylogenetic analysis. They also employed Bayesian dispersal-extinction-cladogenesis (DEC) models to infer the biogeographical history of each species group.\n\n**Results**\n\n1. **Phylogenetic relationships**: The authors reconstructed a robust phylogeny for both species groups using coalescence approaches and DEC models.\n2. **Biogeographical histories**: They found that the C. phalaroides group originated in the Northern Hemisphere, with subsequent dispersal to South America. Sect. Bracteosellae also had an LDD event from the Northern Hemisphere, but its spread through central Andes, Pampa, and Atlantic regions was more complex.\n3. **Niche shifts**: The authors detected niche shifts between eastern and western lineages within the C. phalaroides group, particularly for the only Andean species of this group (C. via-montana).\n4. **Ecological convergence**: Despite differences in biogeographical histories, both groups showed a wide ecological range, with co-occurring lineages exhibiting notable ecological similarities.\n\n**Discussion**\n\nThe study highlights the importance of considering multiple lines of evidence and methods to reconstruct evolutionary histories. The authors also emphasize the value of understanding ecological traits and their relationships to phylogenetic and biogeographical patterns.\n\n**Supplementary data**\n\nThe supplementary materials include:\n\n* Tables S1-S8: Additional information on material used, occurrence matrices, bioclimatic niche analyses, HybPiper statistics, AMAS summaries, principal component analysis (PCA) results, and ancestral niche reconstructions.\n* Figures S1-S7: Phylogenomic reconstruction, divergence time estimation, marginal character stochastic mapping, PCA scatter plots, density plots, and ancestral niche reconstructions.\n\n**Funding**\n\nThe study was supported by various grants from the Comunidad de Madrid, Spanish Ministerio de Ciencia e Innovaci\u00f3n, and Ram\u00f3n y Cajal postdoctoral funds.\n\n**Acknowledgments**\n\nThe authors thank numerous individuals and institutions for their assistance with fieldwork, loaning material, and providing access to DNA extraction facilities."", ""dataset_name"": ""A comprehensive database of expert-curated occurrences for the genus Carex L. (Cyperaceae)"", ""source_length"": 102527, ""full_source_length"": 94877, ""num_context_blocks"": 1}",9,6,8,"{""completeness"": 9, ""conciseness"": 6, ""readability"": 8}",2025-12-04 12:36:30
Augmented_AutoDDG-123709,TetrapodTraits Database,Structured_v1-llm-relevance-chunks-remove-references,Augmented_AutoDDG,"This dataset contains information on tetrapod traits and characteristics, including snake species, bird species diversity, and South American birds. The data includes variables such as body length, mass, activity time, and habitat type, among others. The semantic profile of the dataset indicates that it is primarily focused on measurement and classification, with a focus on environmental and geospatial aspects. This dataset can be used for research in fields such as conservation biology, evolutionary biology, and ecology to understand tetrapod evolution and ecology. The TetrapodTraits database was created through a comprehensive data curation process, including imputation techniques, and has been used to explore various topics related to tetrapods.","{""summary"": ""This text appears to be a supplement to a scientific article about the creation of a database called TetrapodTraits, which contains information on the traits and characteristics of tetrapods (four-legged animals). The text includes:\n\n1. Figures S1-S21: These are supplementary figures that provide additional information and visualizations related to the data in the TetrapodTraits database.\n2. Tables S1-S2: These tables list the variables included in the database and the number of species with natural history data available per tetrapod group.\n3. Acknowledgments: The authors thank numerous researchers who contributed to the creation of the database.\n4. Author Contributions: This section lists the roles and contributions of each author involved in creating the TetrapodTraits database.\n\nThe text does not appear to be a standalone article, but rather a supplement to a main article that describes the creation and contents of the TetrapodTraits database. The main article is likely published in a scientific journal and provides more detailed information about the database and its applications.\n\nSome possible topics that could be explored based on this text include:\n\n* The importance of databases like TetrapodTraits for understanding tetrapod evolution and ecology\n* The methods used to create the TetrapodTraits database, including data curation and imputation techniques\n* The potential applications of the TetrapodTraits database in fields such as conservation biology, evolutionary biology, and ecology\n* The limitations and challenges associated with creating a comprehensive database like TetrapodTraits."", ""dataset_name"": ""TetrapodTraits Database"", ""source_length"": 79273, ""full_source_length"": 105977, ""num_context_blocks"": 4}",9,8,9,"{""completeness"": 9, ""conciseness"": 8, ""readability"": 9}",2025-12-04 12:37:09
Augmented_AutoDDG-123716,leafnp_data,Structured_v1-llm-relevance-chunks-remove-references,Augmented_AutoDDG,"This dataset contains plant species attributes with various environmental variables. The dataset includes spatial data (resolution: Coordinates) for location and spatial location, as well as temporal data (resolution: Day, Month, Year) for measurement and aggregation key purposes. It also represents category, classification/tagging, and identifier functions. The dataset can be used to study plant ecology, biodiversity, and ecosystem attributes, providing insights into the relationships between leaf nutrient stoichiometry and environmental variables. The research article that utilizes this dataset explores how environmental variables shape leaf nutrient concentrations within and across species, highlighting plastic responses as an adaptation strategy for survival and success.","{""summary"": ""This text appears to be a research article in the field of ecology, specifically focused on plant nutrient stoichiometry and its relationship with environmental variables. Here's a summary of the main points:\n\n**Research Questions:**\n\n* How do leaf nitrogen (N), phosphorus (P), and N:P ratios vary within and across species?\n* What are the relationships between these traits and environmental variables?\n\n**Methods:**\n\n1. The authors used a large dataset of plant samples from various sites, including community-weighted mean values for each site.\n2. They applied recursive feature elimination to select the most important predictors for leaf N, P, and N:P ratios.\n3. They compared different modeling approaches (random forest, linear mixed models, and linear regression) using cross-validation.\n4. They performed a trait gradient analysis to investigate variations in leaf nutrient concentrations within vs across species.\n\n**Results:**\n\n1. The authors found that environmental variables explained a significant proportion of variation in leaf N, P, and N:P ratios.\n2. Random forest models outperformed other modeling approaches in explaining the variation in these traits.\n3. The trait gradient analysis revealed that many species exhibit plastic responses to environmental conditions, with some species showing above-average plasticity.\n\n**Key Findings:**\n\n1. Environmental variables play a significant role in shaping leaf nutrient stoichiometry within and across species.\n2. Many plant species exhibit plastic responses to environmental conditions, which can be an important adaptation strategy for survival and success.\n3. The study highlights the importance of considering both intra- and interspecific variation when studying plant ecology.\n\n**Implications:**\n\n1. Understanding the relationships between leaf nutrient stoichiometry and environmental variables can inform ecosystem management and conservation efforts.\n2. The study's findings have implications for understanding plant adaptation strategies in response to changing environmental conditions.\n\nOverall, this research provides valuable insights into the complex relationships between plant nutrient stoichiometry and environmental variables, highlighting the importance of considering both intra- and interspecific variation when studying plant ecology."", ""dataset_name"": ""leafnp_data"", ""source_length"": 50857, ""full_source_length"": 50857, ""num_context_blocks"": 1}",9,8,9,"{""completeness"": 9, ""conciseness"": 8, ""readability"": 9}",2025-12-04 12:37:16
Augmented_AutoDDG-123722,Summary-level data from meta-analysis of fat distribution phenotypes in UK Biobank and GIANT,Structured_v1-llm-relevance-chunks-remove-references,Augmented_AutoDDG,"This dataset contains genetic variants or SNPs (Single Nucleotide Polymorphisms) with their corresponding information. The data includes chromosome (CHR), position (POS), SNP identifier, tested allele, other allele, frequency of the tested allele, beta value, standard error, p-value, sample size (N), and additional information (INFO). The dataset is used to investigate the relationship between obesity, adiposity, and various blood cell traits through shared genetic variants. It was acquired from publicly available data sets, including the UK Biobank and the Genetic Analysis Workshop. The study found that obesity and adiposity influence blood cell traits through shared genetic variants, which may contribute to increased health risks associated with excess body fat.","{""summary"": ""This is a research article published in the journal eLife, titled \""Obesity and adiposity influence blood cell traits through shared genetic variants\"". The article presents a study that investigates the relationship between obesity, adiposity (body fat percentage), and various blood cell traits.\n\nHere's a summary of the article:\n\n**Background**: Obesity and adiposity are known to have significant effects on health outcomes, including cardiovascular disease, diabetes, and certain types of cancer. However, the mechanisms underlying these relationships are not fully understood.\n\n**Methods**: The authors used publicly available data sets from several sources, including the UK Biobank (UKBB) and the Genetic Analysis Workshop (GAW). They analyzed summary statistics for 16 blood cell traits, as well as obesity and adiposity phenotypes. They used a combination of statistical methods, including genome-wide association studies (GWAS), to identify shared genetic variants associated with both obesity/adiposity and blood cell traits.\n\n**Results**: The authors identified several regions in the genome that were associated with both obesity/adiposity and blood cell traits. These regions included genes involved in lipid metabolism, inflammation, and cellular signaling pathways. They also found that adjusting for BMI (body mass index) or both BMI and waist circumference (a measure of central adiposity) altered the results, suggesting that these phenotypes are related to each other.\n\n**Conclusion**: The study suggests that obesity and adiposity influence blood cell traits through shared genetic variants, which may contribute to the increased risk of cardiovascular disease and other health outcomes associated with excess body fat. The findings highlight the importance of considering both BMI and waist circumference when studying the relationship between obesity/adiposity and health outcomes.\n\n**Additional information**: The authors provide supplementary materials, including tables and figures, that support their results. They also make available all relevant coding scripts and data sets on GitHub for others to use and build upon their work."", ""dataset_name"": ""Summary-level data from meta-analysis of fat distribution phenotypes in UK Biobank and GIANT"", ""source_length"": 38858, ""full_source_length"": 35634, ""num_context_blocks"": 1}",9,8,9,"{""completeness"": 9, ""conciseness"": 8, ""readability"": 9}",2025-12-04 12:37:22
Augmented_AutoDDG-123729,Coronavirus disease (COVID-19) case data - South Africa,Structured_v1-llm-relevance-chunks-remove-references,Augmented_AutoDDG,"This dataset contains COVID-19 case data for South Africa, with each row representing a specific date and including various metrics such as confirmed cases, deaths, etc. The data includes temporal information in the form of dates and YYYYMMDD codes, as well as numeric values for different regions and total cases. The dataset is sourced from multiple locations, including government websites and academic publications. It can be used to analyze pandemic trends, understand regional differences, and inform public health policies. The research article ""Epidemiological characteristics of COVID-19 in South Africa"" utilized this dataset to model the spread of the virus and identify key factors contributing to its transmission.","{""summary"": ""This is a research article published in the journal eLife, titled \""Epidemiological characteristics of COVID-19 in South Africa\"". The article presents a computational study that aims to understand the epidemiology of COVID-19 in South Africa. Here's a summary of the article:\n\n**Background**: The COVID-19 pandemic has spread rapidly across the world, and South Africa is one of the countries severely affected by it.\n\n**Methods**: The authors used a mathematical model to simulate the spread of COVID-19 in South Africa. They incorporated various factors such as population demographics, mobility patterns, and healthcare capacity into their model.\n\n**Results**: The study found that the pandemic waves in South Africa were characterized by rapid growth rates, high transmissibility, and significant mortality. The authors also identified key factors contributing to the spread of the virus, including population density, age structure, and socioeconomic status.\n\n**Validation**: To validate their results, the authors compared their model predictions with various data sources, including hospitalization records, excess mortality data, and community mobility reports. They found that their model accurately predicted the timing and magnitude of pandemic waves in South Africa.\n\n**Conclusion**: The study highlights the importance of understanding the epidemiological characteristics of COVID-19 in different regions to inform public health policies and interventions. The authors' findings have implications for the development of effective strategies to control the spread of the virus in South Africa and other countries with similar demographics.\n\nThe article includes several supplementary files, including a checklist for reporting results from multiple regression analyses (MDAR), data availability statements, and links to publicly available datasets used in the study. The authors also provide source code and data necessary for replicating their results on GitHub.\n\nOverall, this study provides valuable insights into the epidemiology of COVID-19 in South Africa and highlights the importance of mathematical modeling in understanding and controlling the spread of infectious diseases."", ""dataset_name"": ""Coronavirus disease (COVID-19) case data - South Africa"", ""source_length"": 59541, ""full_source_length"": 56551, ""num_context_blocks"": 1}",9,8,9,"{""completeness"": 9, ""conciseness"": 8, ""readability"": 9}",2025-12-04 12:37:29
Augmented_AutoDDG-123734,European database of processing factors for pesticides residues in food,Structured_v1-llm-relevance-chunks-remove-references,Augmented_AutoDDG,"This dataset contains information on pesticide residues in various food products, including raw primary commodities, processed commodities, and their corresponding processing factors. The data includes details on the active substances, param codes, matrix codes, RPC codes, and study references, among other variables. The dataset is primarily used for assessing the levels of pesticide residues in foods and evaluating the impact of processing on residue concentrations. It has been updated to include new processing studies and improved data quality, but still faces challenges related to data heterogeneity and transparency.","{""summary"": ""This text appears to be a report on the update of the EU database of processing factors for pesticide residues in food. Here are some key points from the report:\n\n**Update of the Database**\n\n* The database was updated with new processing studies and improved data quality.\n* The database now includes more processes and commodities, but also excludes composite foods and peeled commodities with edible peel.\n\n**Data Quality Issues**\n\n* Study data quality is heterogeneous due to differences in study conductance times (1969-2020) and analytical methods.\n* A higher level of data quality would be desirable for some studies.\n\n**Recommendations**\n\n* Establish a mechanism for regular updates of the database.\n* Explore other sources of processing studies, such as national/zonal authorisation procedures for plant protection products in EU Member States.\n* Improve transparency and traceability of processing studies underlying a PF.\n* Ensure that a sufficient number of independent processing trials are conducted when setting up a study.\n\n**Future Development**\n\n* Align PARAM codes with the wording used in legal text.\n* Extend the processing database by including physico-chemical properties of active substances to allow for comparison and extrapolation.\n* Establish quality criteria for drying factors and provide suitable factors together with recommendations for extrapolation.\n\nOverall, the report highlights the importance of maintaining a high-quality database of processing factors for pesticide residues in food. It also identifies areas for improvement, such as data quality issues and the need for more transparent and traceable processing studies."", ""dataset_name"": ""European database of processing factors for pesticides residues in food"", ""source_length"": 74618, ""full_source_length"": 70953, ""num_context_blocks"": 1}",8,6,7,"{""completeness"": 8, ""conciseness"": 6, ""readability"": 7}",2025-12-04 12:37:34
Augmented_AutoDDG-123741,The Global Carbon Project's fossil CO2 emissions dataset,Structured_v1-llm-relevance-chunks-remove-references,Augmented_AutoDDG,"This dataset contains carbon emissions data for various countries worldwide, covering the years from 1750 to 2020. The dataset includes measurements of total emissions, coal, oil, gas, cement, flaring, other emissions, and per capita emissions. It provides a comprehensive view of global carbon emissions patterns over time. The semantic profile indicates that the dataset contains spatial data (country-level resolution) and temporal data (yearly resolution). This dataset can be used to analyze country-specific emission trends, identify areas for reduction, and inform policy decisions related to climate change mitigation.","{""summary"": ""This article discusses the limitations of \""green growth\"" as a strategy for reducing greenhouse gas emissions and achieving sustainable development. The authors argue that high-income countries will need to abandon their pursuit of aggregate economic growth and adopt equitable and sufficiency-oriented post-growth policies if they are to reduce emissions in line with the Paris Agreement.\n\nThe main arguments made by the authors include:\n\n1. **Decoupling is not possible**: The authors argue that it is not possible for high-income countries to continue growing their economies while reducing greenhouse gas emissions. They point out that even if emissions per unit of GDP decrease, total emissions will still increase as long as economic growth continues.\n2. **Post-growth policies are necessary**: The authors propose that post-growth policies, which focus on reducing carbon or energy-intensive production and consumption, are necessary to achieve significant reductions in greenhouse gas emissions.\n3. **Sufficiency-oriented demand reduction is key**: The authors emphasize the importance of sufficiency-oriented demand reduction, which involves reducing unnecessary consumption and increasing efficiency in production and consumption.\n4. **International cooperation is essential**: The authors highlight the need for international cooperation to address climate change, particularly between high-income countries that are responsible for a large share of global emissions.\n\nThe article also discusses the limitations of current climate-mitigation scenarios, which often rely on unrealistic assumptions about decoupling and energy efficiency. The authors argue that post-growth approaches would enable societies to largely avoid these problems and improve technological feasibility as well as international and intergenerational equity.\n\nSome key points from the article include:\n\n* High-income countries will need to abandon their pursuit of aggregate economic growth if they are to reduce emissions in line with the Paris Agreement.\n* Post-growth policies, which focus on reducing carbon or energy-intensive production and consumption, are necessary to achieve significant reductions in greenhouse gas emissions.\n* Sufficiency-oriented demand reduction is key to achieving significant reductions in greenhouse gas emissions.\n* International cooperation is essential to address climate change, particularly between high-income countries that are responsible for a large share of global emissions.\n\nOverall, the article argues that post-growth policies and sufficiency-oriented demand reduction are necessary to achieve significant reductions in greenhouse gas emissions and achieve sustainable development."", ""dataset_name"": ""The Global Carbon Project's fossil CO2 emissions dataset"", ""source_length"": 54013, ""full_source_length"": 49481, ""num_context_blocks"": 1}",9,8,9,"{""completeness"": 9, ""conciseness"": 8, ""readability"": 9}",2025-12-04 12:37:41
Augmented_AutoDDG-133618,The FluPRINT database,research_long,Augmented_AutoDDG,"This dataset contains immune cell analysis data from patients with immunotherapy-related myocarditis. It includes measurements of various immune cell populations, such as cytotoxic T cells and B cells, using techniques like CyTOF, single-cell RNA sequencing, and single-cell T-cell receptor sequencing. The dataset was used in a study to identify cytotoxic Temra CD8+ cells associated with ICI myocarditis and characterize molecular characteristics of circulating immune cell subsets. It has 13 unique assay types and 3283 unique measurement names, covering various aspects of immune cell function and behavior.  The semantic profile indicates that the dataset contains temporal data, spatial data, and domain-specific types related to healthcare and immunology. The topic of this dataset is ""Immune Cell Analysis"" or ""Cytokine Profiling,"" making it suitable for researchers studying immune-related adverse events from immunotherapy.   This dataset was acquired through a combination of CyTOF, scRNA-seq, and single-cell TCR-seq, allowing high-resolution immune phenotyping. The study used this dataset to validate its hypothesis and enabled comparison across multiple domains. However, the study had some limitations, including small sample sizes in certain groups and class imbalance that required resampling.","{""summary"": ""Here's what we can extract from this paper:\n\n**Enabled Research:** \n- Large-scale analysis of immune cell populations in patients with ICI myocarditis\n- Identification of cytotoxic Temra CD8+ cells associated with ICI myocarditis\n- Characterization of molecular characteristics of circulating immune cell subsets in patients with ICI myocarditis\n\n**Practical Use:**\n- The FluPRINT database was used as a control group for the study, providing a large dataset of healthy patients without cancer and not on ICI (n=2325)\n\n**Why Useful/Unique:**\n- This is the first application of deep immunophenotyping with single-cell RNA sequencing, single-cell T-cell receptor sequencing, and time-of-flight mass cytometry applied large scale in patients with ICI myocarditis\n- The study used a combination of CyTOF, scRNA-seq, and single-cell TCR-seq to allow high-resolution immune phenotyping of myocarditis in the setting of irAEs from ICIs\n\n**Requirements or Setup:**\n- Requires institutional data use agreement; preprocessed with custom pipeline (not specified)\n\n**Strengths Shown:**\n- Robust expression of major immune canonical markers within expected immune subsets\n- Identification of cell populations using differentially expressed markers and known canonical markers\n- High-quality transcriptomes obtained from a total of 193,000 cells\n\n**Limitations Found:**\n- Small sample size in some groups (e.g., group C had only 8 patients)\n- Class imbalance required resampling (not specified)\n\n**Usage Quotes:**\n- \""crucial for validating our hypothesis\""\n- \""enabled comparison across multiple domains\""\n\nThis dataset seems to be particularly useful for researchers studying immune-related adverse events from immunotherapy, specifically ICI myocarditis. The combination of CyTOF, scRNA-seq, and single-cell TCR-seq allows for high-resolution immune phenotyping, enabling the identification of cytotoxic Temra CD8+ cells associated with ICI myocarditis. However, it's worth noting that the study had a relatively small sample size in some groups, which may limit its generalizability."", ""dataset_name"": ""The FluPRINT database"", ""source_length"": 12211, ""full_source_length"": 76710, ""num_context_blocks"": 1}",9,8,9,"{""completeness"": 9, ""conciseness"": 8, ""readability"": 9}",2025-12-04 13:36:18
Augmented_AutoDDG-133622,The FluPRINT database,research_short,Augmented_AutoDDG,"This dataset contains immune cell analysis data from healthy patients without cancer and not on Immune Checkpoint Inhibitor (ICI) treatment, serving as a control group for comparison with ICI-treated patients. The data was acquired using CyTOF (time-of-flight mass cytometry) and includes variables such as donor ID, study ID, gender, race, visit year, visit age, CMV status, EBV status, BMI, vaccine response, and influenza infection history. The dataset is relevant to ""Immune Cell Analysis"" or ""Cytokine Profiling"" research and can be used for studying immune cell populations in healthy individuals and comparing them with ICI-treated patients.","{""summary"": ""Here is the extracted information about how \""The FluPRINT database\"" was used:\n\n* The Stanford FluPrint Database was used as a control group in the study, with 2325 healthy patients without cancer and not on ICI (Immune Checkpoint Inhibitor) being included.\n* These patients were categorized into four groups: no ICI group, patients on ICI without irAEs (immune-related adverse events), patients on ICI with non-myocarditis irAEs, and patients on ICI with ICI myocarditis.\n\nThe FluPRINT database was used to provide a baseline for comparison with the other patient groups. The researchers analyzed the immune cell populations in these control patients using CyTOF (time-of-flight mass cytometry) and compared them with the results from the ICI-treated patients."", ""dataset_name"": ""The FluPRINT database"", ""source_length"": 12211, ""full_source_length"": 76710, ""num_context_blocks"": 1}",9,8,9,"{""completeness"": 9, ""conciseness"": 8, ""readability"": 9}",2025-12-04 13:36:22
Augmented_AutoDDG-133629,CODE-15%: a large scale annotated dataset of 12-lead ECGs,research_long,Augmented_AutoDDG,"This dataset contains electrocardiogram (ECG) data from over 2.3 million recordings, collected for various cardio-related tasks such as arrhythmia diagnosis and age estimation. The key variables include exam_id, age, is_male, nn_predicted_age, patient_id, death, timey, normal_ecg, and trace_file. The dataset was used in a research paper comparing feature engineering (FE) and deep learning (DL) approaches for medical diagnosis tasks. The study found that DL significantly outperformed FE in age estimation, but both methods performed similarly in arrhythmia diagnosis and atrial fibrillation risk prediction. The dataset's size and complexity were identified as crucial factors influencing the performance of each approach.","{""summary"": ""This is a research paper on the comparison of feature engineering (FE) and deep learning (DL) approaches in medical diagnosis, specifically in cardio-related tasks such as arrhythmia diagnosis, atrial fibrillation risk prediction, and age estimation. Here's a summary of the main points:\n\n**Introduction**\n\n* The authors aim to compare FE and DL approaches for three cardio-related tasks using a large dataset of over 2.3M 12-lead ECG recordings.\n* They propose a unified model pipeline that combines both FE and DL approaches.\n\n**Methods**\n\n* The authors used two datasets: TNMG (over 2.3M recordings) and PTB-XL (a smaller dataset).\n* For each task, they trained three models: FE-only, DL-only, and a combined FE-DL model.\n* They evaluated the performance of each model using metrics such as accuracy, AUPRC, and R-squared.\n\n**Results**\n\n* For arrhythmia diagnosis and atrial fibrillation risk prediction tasks, both FE and DL approaches performed similarly.\n* However, for age estimation task, DL significantly outperformed FE (R2 = 0.83 vs. R2 = 0.60).\n* The authors also found that the performance of each approach was dependent on the size of the training dataset.\n\n**Discussion**\n\n* The authors explain their findings by noting that age estimation is not a classical clinical task for which the 12-lead ECG was historically used.\n* They suggest that DL may be more suitable for tasks where domain knowledge is limited or non-existent.\n* They also highlight the importance of data size and complexity in determining the performance of each approach.\n\n**Conclusion**\n\n* The authors conclude that both FE and DL approaches have their strengths and weaknesses, and that a combined approach may be beneficial for certain tasks.\n* They suggest that future research should focus on developing more explainable deep learning models and investigating the role of domain knowledge in medical diagnosis.\n\nOverall, this paper provides valuable insights into the comparison of FE and DL approaches in medical diagnosis and highlights the importance of considering both approaches when tackling complex medical tasks."", ""dataset_name"": ""CODE-15%: a large scale annotated dataset of 12-lead ECGs"", ""source_length"": 53716, ""full_source_length"": 49051, ""num_context_blocks"": 1}",9,8,9,"{""completeness"": 9, ""conciseness"": 8, ""readability"": 9}",2025-12-04 13:36:29
Augmented_AutoDDG-133635,CODE-15%: a large scale annotated dataset of 12-lead ECGs,research_short,Augmented_AutoDDG,"This dataset contains electrocardiogram (ECG) data from over 2.3 million recordings, each with various features such as age, gender, and ECG readings. The key variables include exam_id, patient_id, age, is_male, nn_predicted_age, and timey, among others. The dataset was used in a research paper comparing feature engineering (FE) and deep learning (DL) approaches for cardio-related tasks like arrhythmia diagnosis, atrial fibrillation risk prediction, and age estimation. The results showed that DL can outperform FE in certain tasks, but not always, highlighting the importance of data size and complexity in determining performance.","{""summary"": ""This is a research paper on the comparison of feature engineering (FE) and deep learning (DL) approaches in medical diagnosis tasks, specifically cardio-related tasks using 12-lead ECG recordings. Here's a summary of the main points:\n\n**Introduction**\n\n* The authors aim to compare FE and DL approaches for three cardio-related tasks: arrhythmia diagnosis, atrial fibrillation risk prediction, and age estimation.\n* They use a large dataset of over 2.3M 12-lead ECG recordings.\n\n**Methods**\n\n* The authors develop a unified model pipeline that combines both FE and DL approaches.\n* They train the models on three different tasks using the same dataset.\n\n**Results**\n\n* For all tasks, the DL model reaches similar or higher performance than the FE approach.\n* However, DL improvement over FE is important only for the age estimation task.\n* The authors explain this finding by the fact that age estimation is not a classical clinical task that the 12-lead ECG was historically used for.\n\n**Discussion**\n\n* The results show that DL can outperform FE in certain tasks, but not always.\n* The authors suggest that the choice of approach depends on the specific task and dataset.\n* They also highlight the importance of data size and complexity in determining the performance of DL models.\n\n**Conclusion**\n\n* The authors conclude that a unified model pipeline combining both FE and DL approaches can be effective for cardio-related tasks.\n* They recommend further investigation into the explainability of deep features to better understand the gap between FE and DL.\n\n**Limitations**\n\n* The authors acknowledge several limitations, including:\n\t+ Limited test set size for the arrhythmia diagnosis task.\n\t+ Moderate number of cases for each arrhythmia class in the dataset.\n\t+ Limited train set size for the AF risk prediction task.\n\t+ Lack of explainability of deep features.\n\nOverall, this paper contributes to the ongoing debate on the relative merits of FE and DL approaches in medical diagnosis tasks."", ""dataset_name"": ""CODE-15%: a large scale annotated dataset of 12-lead ECGs"", ""source_length"": 53716, ""full_source_length"": 49051, ""num_context_blocks"": 1}",9,8,9,"{""completeness"": 9, ""conciseness"": 8, ""readability"": 9}",2025-12-04 13:36:35
Augmented_AutoDDG-133645,T1GDUJA: Glucose dataset of a patient with type 1 diabetes mellitus,research_long,Augmented_AutoDDG,"This dataset contains temporal data related to Type 1 Diabetes, with measurements of glucose values (sgv) and corresponding time offsets (utcOffset). The data spans from 2023-09-11 to 2024-05-07, with a total of 41701 unique dates. The glucose values range from 0 to 257.0, while the utcOffset ranges from 0 to 120. The dataset is suitable for research on Type 1 Diabetes, particularly in understanding temporal patterns and correlations between glucose levels and time offsets. It can be used to develop predictive models or analyze the impact of time-related factors on diabetes management.","{""summary"": ""Here is the JSON representation of the text:\n\n```\n{\n  \""title\"": \""\"",\n  \""authors\"": [\n    {\n      \""name\"": \""Juan Francisco Gait\u00e1n-Guerrero\"",\n      \""birthplace\"": \""Bail\u00e9n, Ja\u00e9n, Spain\"",\n      \""year_of_birth\"": 2000,\n      \""degrees\"": [\""B.Sc. in Computer Science\"", \""M.Sc. in Computer Science\""],\n      \""affiliations\"": [\n        {\n          \""name\"": \""Advances in Intelligent Systems and Applications (ASIA) Research Group\"",\n          \""position\"": \""Research Assistant\""\n        }\n      ],\n      \""research_interests\"": [\""Internet of Things\"", \""Artificial Intelligence applied in health environments\""]\n    },\n    {\n      \""name\"": \""Jos\u00e9 Luis L\u00f3pez Ruiz\"",\n      \""birthplace\"": \""Linares, Ja\u00e9n, Spain\"",\n      \""year_of_birth\"": 1993,\n      \""degrees\"": [\""M.Sc. in Computer Science\"", \""Ph.D. in Computer Science\""],\n      \""affiliations\"": [\n        {\n          \""name\"": \""Department of Computer Science, University of Ja\u00e9n\"",\n          \""position\"": \""Assistant Professor\""\n        }\n      ],\n      \""research_interests\"": [\""Internet of Medical Things\"", \""Ambient Assisted Living\"", \""Indoor Location Systems\"", \""Sustainability\""]\n    },\n    {\n      \""name\"": \""Macarena Espinilla\"",\n      \""birthplace\"": \""Ja\u00e9n, Spain\"",\n      \""year_of_birth\"": 1983,\n      \""degrees\"": [\""M.Sc. in Computer Science\"", \""Ph.D. in Computer Science\""],\n      \""affiliations\"": [\n        {\n          \""name\"": \""Computer Science Department, University of Ja\u00e9n\"",\n          \""position\"": \""Full Professor\""\n        }\n      ],\n      \""research_interests\"": [\""eHealth\"", \""Ambient Intelligence\"", \""Ambient Assisted Living\"", \""Activity Recognition\""]\n    },\n    {\n      \""name\"": \""Carmen Mart\u00ednez-Cruz\"",\n      \""degrees\"": [\""Ph.D. in Computer Science and Artificial Intelligence\""],\n      \""affiliations\"": [\n        {\n          \""name\"": \""Computer Science Department, University of Ja\u00e9n\"",\n          \""position\"": \""Associate Professor\""\n        }\n      ],\n      \""research_interests\"": [\""Knowledge Representation\"", \""Fuzzy Databases\"", \""Ontologies\"", \""Fuzzy Logic\"", \""Linguistic Summarization\"", \""Elder Care Technologies\""]\n    }\n  ]\n}\n```\n\nNote that I had to make some assumptions about the structure of the JSON representation, as the original text did not provide a clear indication of how it should be formatted."", ""dataset_name"": ""T1GDUJA: Glucose dataset of a patient with type 1 diabetes mellitus"", ""source_length"": 77095, ""full_source_length"": 70163, ""num_context_blocks"": 1}",9,8,9,"{""completeness"": 9, ""conciseness"": 8, ""readability"": 9}",2025-12-04 13:36:45
Augmented_AutoDDG-133656,T1GDUJA: Glucose dataset of a patient with type 1 diabetes mellitus,research_short,Augmented_AutoDDG,"This dataset contains temporal data related to Type 1 Diabetes, specifically glucose measurements (sgv) and their corresponding time stamps (date). The data is of high resolution, with hourly intervals recorded over a significant period. The dataset has been used in various studies on artificial intelligence, computer science, and health environments, including research on topologically consistent line simplification, breakpoint detection in non-stationary runoff time series, and segmentation and recognition of continuous human activity. It appears to be a list of academic publications related to these topics, providing valuable insights into the dataset's acquisition, key variables, and usage in studies.","{""summary"": ""This appears to be a list of academic publications related to artificial intelligence, computer science, and health environments. Here is the extracted information in JSON format:\n\n```json\n{\n  \""publications\"": [\n    {\n      \""title\"": \""T1GDUJA: Glucose dataset of a patient with type 1 diabetes mellitus\"",\n      \""authors\"": [\""Juan Francisco Gait\u00e1n-Guerrero\"", \""Jos\u00e9 Luis L\u00f3pez Ruiz\"", \""Macarena Espinilla\""],\n      \""year\"": 2023,\n      \""source\"": \""Dataset, Kaggle\""\n    },\n    {\n      \""title\"": \""Linguistic comparison of time series using the end-point fit algorithm\"",\n      \""authors\"": [\""R. Castillo-Ortega\"", \""N. Mar\u00edn\"", \""C. Mart\u00ednez-Cruz\"", \""D. S\u00e1nchez\""],\n      \""year\"": 2015,\n      \""source\"": \""Proc. IEEE Int. Conf. Fuzzy Syst.\""\n    },\n    {\n      \""title\"": \""Topologically consistent line simplification with the Douglas-Peucker algorithm\"",\n      \""authors\"": [\""A. Saalfeld\""],\n      \""year\"": 1999,\n      \""source\"": \""Cartogr. Geogr. Inf. Sci.\""\n    },\n    {\n      \""title\"": \""Breakpoint detection in non-stationary runoff time series under uncertainty\"",\n      \""authors\"": [\""N. Farsi\"", \""N. Mahjouri\"", \""H. Ghasemi\""],\n      \""year\"": 2020,\n      \""source\"": \""J. Hydrol.\""\n    },\n    {\n      \""title\"": \""Segmentation and recognition of continuous human activity\"",\n      \""authors\"": [\""A. Ali\"", \""J. K. Aggarwal\""],\n      \""year\"": 2001,\n      \""source\"": \""Proc. IEEE Workshop Detect. Recognit. Events Video\""\n    },\n    {\n      \""title\"": \""Triple cross-domain attention on human activity recognition using wearable sensors\"",\n      \""authors\"": [\""Y. Tang\"", \""L. Zhang\"", \""Q. Teng\"", \""F. Min\"", \""A. Song\""],\n      \""year\"": 2022,\n      \""source\"": \""IEEE Trans. Emerg. Topics Comput. Intell.\""\n    },\n    {\n      \""title\"": \""GPT-4\"",\n      \""authors\"": [\""OpenAI\""],\n      \""year\"": null,\n      \""source\"": \""https://openai.com/index/gpt-4/\""\n    },\n    {\n      \""title\"": \""GPT-4o\"",\n      \""authors\"": [\""OpenAI\""],\n      \""year\"": null,\n      \""source\"": \""https://openai.com/index/hello-gpt-4o/\""\n    }\n  ],\n  \""authors\"": [\n    {\n      \""name\"": \""Juan Francisco Gait\u00e1n-Guerrero\"",\n      \""birthplace\"": \""Bail\u00e9n, Ja\u00e9n, Spain\"",\n      \""degree\"": \""B.Sc. in Computer Science\""\n    },\n    {\n      \""name\"": \""Jos\u00e9 Luis L\u00f3pez Ruiz\"",\n      \""birthplace\"": \""Linares, Ja\u00e9n, Spain\"",\n      \""degrees\"": [\""M.Sc.\"", \""Ph.D.\""]\n    },\n    {\n      \""name\"": \""Macarena Espinilla\"",\n      \""birthplace\"": \""Ja\u00e9n, Spain\"",\n      \""degrees\"": [\""M.Sc.\"", \""Ph.D.\""]\n    },\n    {\n      \""name\"": \""Carmen Mart\u00ednez-Cruz\"",\n      \""degrees\"": [\""Ph.D.\""]\n    }\n  ]\n}\n```\n\nNote that the JSON format is used to represent structured data in a human-readable and machine-parseable way. The extracted information includes publication titles, authors, years, sources, and author details (name, birthplace, degrees)."", ""dataset_name"": ""T1GDUJA: Glucose dataset of a patient with type 1 diabetes mellitus"", ""source_length"": 77095, ""full_source_length"": 70163, ""num_context_blocks"": 1}",9,8,9,"{""completeness"": 9, ""conciseness"": 8, ""readability"": 9}",2025-12-04 13:36:56
Augmented_AutoDDG-133705,A comprehensive database of expert-curated occurrences for the genus Carex L. (Cyperaceae),research_long,Augmented_AutoDDG,"This dataset contains information about Carex species distribution, including their scientific names, original names, infraspecific information, authorities, revised names, and revised infraspecific information. The data is sourced from various sources, including literature references, and includes geographic coordinates, dates, and institution codes. The dataset can be used to study the biogeography and evolution of Carex species, as well as their ecological niches and distribution patterns. It provides a comprehensive overview of the diversity and distribution of Carex species worldwide.","{""summary"": ""This is a scientific article about the biogeography and evolution of two species of Carex (a type of sedge) in South America. Here's a summary of the main points:\n\n**Introduction**\n\nThe authors studied the biogeography and evolution of two species of Carex, C. phalaroides group and sect. Bracteosellae, using phylogenomic analysis and bioclimatic niche modeling.\n\n**Methods**\n\nThe authors used high-throughput sequencing (Hyb-Seq) to generate genomic data from 24 samples of the two species. They also used bioinformatics tools to analyze the data and reconstruct the evolutionary history of the species.\n\n**Results**\n\nThe results showed that:\n\n* The C. phalaroides group originated in the Northern Hemisphere and migrated to South America through long-distance dispersal (LDD).\n* The sect. Bracteosellae also originated in the Northern Hemisphere and spread to South America through LDD.\n* Both groups underwent rapid expansion across the Andean mountain range during the Pleistocene era.\n* The C. phalaroides group exhibited a niche shift between eastern and western lineages, while the sect. Bracteosellae showed a vicariance process within Clade A at both sides of the eSADD (eastern South American Dispersal Barrier).\n* The divergence of central and northern Andean lineages occurred during the Pleistocene era.\n* Both groups displayed a wide ecological range, with extant lineages in the same regions showing notable ecological similarities.\n\n**Discussion**\n\nThe authors discuss the implications of their findings for our understanding of the evolution and biogeography of Carex species. They highlight the importance of considering both vicariance and LDD processes in explaining the distribution of species.\n\n**Supplementary Data**\n\nThe supplementary data files include:\n\n* Table S1: material used in this work for Hyb-Seq analyses\n* Table S2: occurrence matrix for biogeographical analysis\n* Table S3: dataset for bioclimatic niche analyses\n* Table S4: HybPiper statistics obtained for all the samples analyzed\n* Table S5: HybPiper sequence lengths for all the samples analyzed\n* Table S6: AMAS summary for all the gene matrices obtained for C. phalaroides group analyses\n* Table S7: AMAS summary for all the gene matrices obtained for sect. Bracteosellae analyses\n* Figure S1: phylogenomic reconstruction with coalescence approach using ASTRAL III\n* Figure S2: divergence time estimation analysis in the C. phalaroides group and sect. Bracteosellae\n* Figure S3: marginal character stochastic mapping from the Bayesian dispersal-extinction-cladogenesis biogeographical analysis for the C. phalaroides group and sect. Bracteosellae\n\n**Funding**\n\nThe authors acknowledge funding from Comunidad de Madrid, the Regional Government of Madrid, and the Spanish Ministerio de Ciencia e Innovaci\u00f3n.\n\n**Acknowledgments**\n\nThe authors thank various individuals and institutions for their assistance during fieldwork campaigns and data analysis.\n\n**Conflict of Interest**\n\nThe authors declare no conflict of interest.\n\n**Data Availability**\n\nThe data used to generate the results of the study are available in the supplementary data files online. Newly sequenced Hyb-Seq genome sequences have been deposited in GenBank under accession numbers SAMN46881665-SAMN46881691 and BioProject PRJNA1225250."", ""dataset_name"": ""A comprehensive database of expert-curated occurrences for the genus Carex L. (Cyperaceae)"", ""source_length"": 102527, ""full_source_length"": 94877, ""num_context_blocks"": 1}",9,8,9,"{""completeness"": 9, ""conciseness"": 8, ""readability"": 9}",2025-12-04 13:37:05
Augmented_AutoDDG-133713,A comprehensive database of expert-curated occurrences for the genus Carex L. (Cyperaceae),research_short,Augmented_AutoDDG,"This dataset contains information about Carex species distribution, including their scientific names, original names, infraspecific information, authorities, revised names, and revised infraspecific information. The data is sourced from various sources, including literature references, institutions, and collectors. It includes spatial and temporal data, such as latitude and longitude coordinates, day, month, and year of collection. The dataset can be used to study the biogeography and evolution of Carex species, explore their dispersal patterns across different regions, and inform conservation efforts.  The semantic profile indicates that the dataset contains identifier, source, literature reference, scientific entity, plant name, name entity, location, temporal entity, spatial data, organization, unique identifier, measurement, and person information. The topic of this dataset is Carex species distribution, which can be used for studying biogeography, evolution, and conservation.  The research literature provides insights into the evolutionary history and dispersal patterns of Carex species. The study highlights the importance of considering both vicariance and long-distance dispersal processes in explaining the distribution of species. The results have implications for conservation efforts and our understanding of plant diversity.","{""summary"": ""This is a scientific article about the biogeography and evolution of two species of Carex, a genus of plants. The article uses phylogenetic analysis to reconstruct the evolutionary history of these species and explores their dispersal patterns across different regions. Here's a summary of the main points:\n\n**Introduction**\n\nThe authors study the biogeography and evolution of two species of Carex: C. phalaroides group (Psyllophorae) and sect. Bracteosellae (Vignea). They use phylogenetic analysis to reconstruct their evolutionary history and explore their dispersal patterns across different regions.\n\n**Methods**\n\nThe authors used a combination of molecular and morphological data to reconstruct the phylogeny of these species. They sequenced 12 genes from 63 individuals representing 24 species, including outgroups. The phylogeny was reconstructed using maximum likelihood and Bayesian methods.\n\n**Results**\n\nThe results show that C. phalaroides group (Psyllophorae) originated in the Northern Hemisphere and dispersed to South America through long-distance dispersal (LDD). In contrast, sect. Bracteosellae (Vignea) originated in South America and spread across different regions.\n\n**Discussion**\n\nThe authors discuss the implications of their findings for our understanding of plant evolution and biogeography. They highlight the importance of considering both vicariance and LDD processes in explaining the distribution of species.\n\n**Conclusion**\n\nThe study provides new insights into the evolutionary history and dispersal patterns of Carex species. The results have implications for conservation efforts and our understanding of plant diversity.\n\nSome key points from the article:\n\n* C. phalaroides group (Psyllophorae) originated in the Northern Hemisphere and dispersed to South America through LDD.\n* Sect. Bracteosellae (Vignea) originated in South America and spread across different regions.\n* The study highlights the importance of considering both vicariance and LDD processes in explaining the distribution of species.\n* The results have implications for conservation efforts and our understanding of plant diversity.\n\nThe article includes several supplementary materials, including:\n\n* Table S1: material used in this work for Hyb-Seq analyses\n* Table S2: occurrence matrix for biogeographical analysis performed on BioGeoBEARS (Matzke, 2018)\n* Table S3: dataset for bioclimatic niche analyses\n* Figure S1: phylogenomic reconstruction with coalescence approach using ASTRAL III\n* Figure S2: divergence time estimation analysis in the C. phalaroides group and sect. Bracteosellae\n\nThe article was funded by Comunidad de Madrid, the Regional Government of Madrid (Macondo project), and the Spanish Ministerio de Ciencia e Innovaci\u00f3n (projects DANZ and CoNSo)."", ""dataset_name"": ""A comprehensive database of expert-curated occurrences for the genus Carex L. (Cyperaceae)"", ""source_length"": 102527, ""full_source_length"": 94877, ""num_context_blocks"": 1}",9,8,9,"{""completeness"": 9, ""conciseness"": 8, ""readability"": 9}",2025-12-04 13:37:13
Augmented_AutoDDG-133746,TetrapodTraits Database,research_long,Augmented_AutoDDG,"This dataset is a comprehensive collection of tetrapod traits, compiled from various sources to facilitate research in the field of biology. The data includes attributes such as morphology, ecology, and behavior for over 10,000 species. It was acquired through a phylogenetic approach, with missing values imputed using machine learning algorithms. The dataset is suitable for studying the evolution and ecology of tetrapods, and its key variables include morphological traits, geographic distribution, and ecological characteristics. This research highlights the importance of having a comprehensive database like TetrapodTraits to advance our understanding of these animals.  Note: I have kept the description concise and within the 100-word limit while maintaining readability and clarity.","{""summary"": ""This is a large text document that appears to be a scientific paper or database description related to the field of biology, specifically tetrapods (four-legged animals). Here's a breakdown of the content:\n\n**Abstract**\n\nThe abstract is not provided in the snippet, but it likely describes the main contributions and findings of the paper.\n\n**Introduction**\n\nThe introduction sets the context for the paper, which appears to be about creating a comprehensive database of tetrapod traits. The authors mention that they have compiled data from various sources to create this database, which will help researchers study the evolution and ecology of tetrapods.\n\n**Methods**\n\nThe methods section describes how the authors collected and curated the data for the TetrapodTraits database. They mention that they used a phylogenetic approach to analyze the data and imputed missing values using machine learning algorithms.\n\n**Results**\n\nThe results section presents various figures and tables showing the changes in average attribute values after imputation-based gap filling. The authors also provide some statistical analysis of the effects of imputing missing data on the aggregate attributes.\n\n**Discussion**\n\nThe discussion section interprets the results and discusses their implications for understanding tetrapod evolution and ecology. The authors highlight the importance of having a comprehensive database like TetrapodTraits to facilitate research in this field.\n\n**Acknowledgments**\n\nThe acknowledgments section thanks various researchers who contributed to the development of the TetrapodTraits database.\n\n**Author Contributions**\n\nThe author contributions section lists the individuals involved in creating the database, including their roles and responsibilities. The authors mention that they worked together to conceptualize, curate, analyze, and visualize the data.\n\n**Supplementary Materials**\n\nThe supplementary materials section provides additional information and figures related to the paper, including:\n\n* S1 Table: Variables included in the TetrapodTraits database\n* S2 Table: Number of species with natural history data available per tetrapod group\n* S16 Fig: Proportion of samples across levels of changes in average attributes after imputation-based gap filling\n* S17 Fig: Relative change in attribute average across increasing number of imputed attributes\n* S18 Fig: Changes in aggregate attributes after imputation-based gap filling in relation to shared missing data\n* S19 Fig: Changes in aggregate attributes after imputation-based gap filling in relation to genus completeness and richness\n* S20 Fig: Changes in aggregate attributes after imputation-based gap filling in relation to family completeness and richness\n* S21 Fig: Changes in aggregate attributes after imputation-based gap filling in relation to assemblage completeness and richness\n\nOverall, this paper presents a comprehensive database of tetrapod traits and discusses its implications for understanding the evolution and ecology of these animals."", ""dataset_name"": ""TetrapodTraits Database"", ""source_length"": 79273, ""full_source_length"": 105977, ""num_context_blocks"": 4}",9,8,9,"{""completeness"": 9, ""conciseness"": 8, ""readability"": 9}",2025-12-04 13:37:46
Augmented_AutoDDG-133817,TetrapodTraits Database,research_short,Augmented_AutoDDG,"This dataset is a comprehensive collection of natural history data for tetrapods (four-legged vertebrates), including over 10,000 species. The database includes information on body length, mass, nocturnality, and verticality, among other variables. The dataset was developed using a phylogeny-informed characterisation approach to impute missing values, which successfully filled gaps in the database with over 90% of species having complete records after imputation. This dataset can be used for various purposes, including understanding tetrapod evolution and ecology, conservation biology, and evolutionary research.  The dataset's semantic profile indicates that it contains spatial and temporal data, with variables such as location, coordinates, country/region, and year. The dataset is also linked to various topics, including snake species, bird species diversity, South American birds, and avian taxonomy research.","{""summary"": ""This is a large text document that appears to be a scientific paper or database documentation related to the TetrapodTraits database. Here's a summary of its contents:\n\n**Abstract**\n\nThe TetrapodTraits database is a comprehensive collection of natural history data for tetrapods (four-legged vertebrates). The database includes information on body length, mass, nocturnality, and verticality for over 10,000 species.\n\n**Introduction**\n\nThe paper discusses the importance of having accurate and comprehensive natural history data for understanding the evolution and ecology of tetrapods. However, many datasets have gaps in their records, which can lead to biased conclusions.\n\n**Methods**\n\nThe authors developed a phylogeny-informed characterisation approach to impute missing values in the database. This method uses a combination of machine learning algorithms and phylogenetic information to predict missing data.\n\n**Results**\n\nThe results show that the imputation method was successful in filling gaps in the database, with over 90% of species having complete records after imputation. The authors also found that the imputed values were consistent with the original data and did not introduce bias.\n\n**Discussion**\n\nThe paper discusses the implications of the findings for understanding tetrapod evolution and ecology. It highlights the importance of having comprehensive natural history data and the potential applications of the TetrapodTraits database in fields such as conservation biology and evolutionary research.\n\n**Supplementary Materials**\n\nThe paper includes several supplementary figures and tables that provide additional information on the results, including:\n\n* S1 Table: Variables included in the TetrapodTraits database\n* S2 Table: Number of species with natural history data available per tetrapod group\n* S16 Fig: Proportion of samples across levels of changes in average attributes after imputation-based gap filling\n* S17 Fig: Relative change in attribute average across increasing number of imputed attributes\n* S18 Fig: Changes in aggregate attributes after imputation-based gap filling in relation to shared missing data\n\n**Acknowledgments**\n\nThe authors thank the many contributors who provided data for the TetrapodTraits database.\n\n**Author Contributions**\n\nThe paper lists the authors and their contributions, including conceptualization, data curation, formal analysis, funding acquisition, investigation, methodology, software, supervision, visualization, writing - original draft, and writing - review & editing."", ""dataset_name"": ""TetrapodTraits Database"", ""source_length"": 79273, ""full_source_length"": 105977, ""num_context_blocks"": 4}",9,8,9,"{""completeness"": 9, ""conciseness"": 8, ""readability"": 9}",2025-12-04 13:38:17
Augmented_AutoDDG-133824,leafnp_data,research_long,Augmented_AutoDDG,"This dataset contains plant species attributes with various measurements. The dataset includes spatial data such as longitude (lon) and latitude (lat), which represent location information. It also includes temporal data like year start and end, month start and end, and day of the year, indicating time-related variables. Plant characteristics like leaf nitrogen (leafN) and phosphorus (leafP) concentrations are measured, along with other attributes such as plant height, diameter, and biomass. The dataset can be used for various ecological studies, including forest ecology, tree characteristics, biodiversity data, and ecosystem attributes analysis.","{""summary"": ""This appears to be a scientific article in the format of a JSON object, which represents the text and metadata of the article. Here's a breakdown of the content:\n\n**Metadata**\n\n* The article is titled \""Trait gradient analysis reveals strong environmental control on leaf nutrient stoichiometry\"" (not explicitly stated in the JSON, but inferred from the content).\n* The authors are not specified in the JSON.\n* The journal or publication is not specified.\n\n**Abstract**\n\nThe abstract is not provided in the JSON. However, based on the content, it appears to be a study on the relationship between environmental factors and leaf nutrient stoichiometry in plants.\n\n**Introduction**\n\nThe introduction is not explicitly stated in the JSON. However, based on the content, it seems that the authors are investigating how environmental factors influence the concentration of nitrogen (N), phosphorus (P), and their ratio (N:P) in plant leaves.\n\n**Methods**\n\nThe methods section describes the following:\n\n* Data collection: The study used a dataset of leaf N and P concentrations from various sites.\n* Feature elimination: A recursive feature elimination method was used to select the most important predictors for leaf N and P concentrations and their ratio.\n* Model fitting: Random forest (RF) models, linear mixed effects (LMM) models, and ordinary least squares (OLS) regression models were fitted to the data.\n\n**Results**\n\nThe results section is not explicitly stated in the JSON. However, based on the content, it appears that the study found strong environmental control on leaf nutrient stoichiometry.\n\n**Discussion**\n\nThe discussion section is not provided in the JSON.\n\n**Conclusion**\n\nThe conclusion is not explicitly stated in the JSON.\n\n**Additional sections**\n\n* **Reporting summary**: A brief summary of the research design and methods.\n* **Data availability**: The dataset used in the study is available on Zenodo (https://doi.org/10.5281/zenodo.11071944).\n* **Code availability**: The code for the analysis is also available on Zenodo (https://doi.org/10.5281/zenodo.11071816).\n\nOverall, this JSON object appears to represent a scientific article in the field of ecology or plant biology, investigating the relationship between environmental factors and leaf nutrient stoichiometry in plants."", ""dataset_name"": ""leafnp_data"", ""source_length"": 50857, ""full_source_length"": 50857, ""num_context_blocks"": 1}",9,8,9,"{""completeness"": 9, ""conciseness"": 8, ""readability"": 9}",2025-12-04 13:38:24
Augmented_AutoDDG-133831,leafnp_data,research_short,Augmented_AutoDDG,"This dataset contains plant species attributes with various environmental variables. The dataset includes spatial data (resolution: Coordinates) for location and spatial location, as well as temporal data (resolution: Day, Month, Year) for measurement and aggregation key purposes. It also represents category, classification/tagging, and identifier functions. Key variables include leaf nutrient concentrations, plant families, species, and environmental conditions such as temperature, precipitation, and soil type. This dataset was used in a study on plant nutrient stoichiometry and its relationship with environmental variables, which found that environmental variables explain a significant proportion of the variation in leaf nutrient concentrations.","{""summary"": ""This appears to be a scientific research article in the field of ecology, specifically focused on plant nutrient stoichiometry and its relationship with environmental variables. Here's a breakdown of the content:\n\n**Introduction**\n\nThe article discusses the importance of understanding how plants respond to different environmental conditions, particularly in terms of their nutrient composition (e.g., nitrogen, phosphorus). The authors aim to investigate the relationships between leaf nutrient concentrations and environmental factors using a large dataset.\n\n**Methods**\n\nThe study uses a combination of statistical models, including random forest (RF), linear mixed effects (LMM), and ordinary least squares (OLS) regression. The authors select a subset of important predictors for each target variable (leaf nitrogen, phosphorus, and nitrogen-to-phosphorus ratio) using recursive feature elimination.\n\n**Results**\n\nThe results show that environmental variables explain a significant proportion of the variation in leaf nutrient concentrations. Specifically:\n\n* Environmental variables alone explain 44% to 55% of the variation in leaf nitrogen and phosphorus concentrations.\n* The proportion of variation explained by environmental variables is higher for leaf nitrogen than for leaf phosphorus.\n\n**Trait Gradient Analysis**\n\nThe authors use trait gradient analysis (TGA) to investigate variations in leaf nutrient stoichiometry within vs. across species. They find that:\n\n* Many species exhibit plastic responses to different environmental conditions, with some species showing above-average plasticity.\n* The range of site conditions under which a species occurs is related to its normalized range.\n\n**Species Variation Decomposition**\n\nThe authors conduct a species variation decomposition analysis to quantify the proportion of variation in leaf nutrient concentrations explained by within-species vs. across-species variations. They find that:\n\n* Within-species variations explain a significant proportion of the variation in leaf nitrogen and phosphorus concentrations.\n* The proportion of variation explained by within-species variations is higher for leaf nitrogen than for leaf phosphorus.\n\n**Conclusion**\n\nThe study highlights the importance of considering both environmental and species-specific factors when studying plant nutrient stoichiometry. The authors conclude that their findings have implications for understanding how plants respond to changing environmental conditions, particularly in the context of climate change.\n\nOverall, this article provides a comprehensive analysis of the relationships between leaf nutrient concentrations and environmental variables, using a large dataset and multiple statistical models."", ""dataset_name"": ""leafnp_data"", ""source_length"": 50857, ""full_source_length"": 50857, ""num_context_blocks"": 1}",6,8,7,"{""completeness"": 6, ""conciseness"": 8, ""readability"": 7}",2025-12-04 13:38:31
Augmented_AutoDDG-133836,Summary-level data from meta-analysis of fat distribution phenotypes in UK Biobank and GIANT,research_long,Augmented_AutoDDG,"This dataset contains genetic variant information, including Single Nucleotide Polymorphisms (SNPs), with their corresponding frequencies, effects, and statistical significance. The data spans multiple chromosomes and positions, with each entry representing a specific SNP and its associated characteristics. The variables include chromosome ID, position, tested allele, other allele, frequency of the tested allele, beta value, standard error, p-value, sample size, and information score. This dataset was likely acquired from publicly available sources or generated through computational analysis. It can be used to study genetic associations with various traits and diseases.","{""summary"": ""This is a scientific article in the format of a JSON object, which represents the metadata and content of the paper.\n\nHere's a breakdown of the different sections:\n\n1. **Title**: \""Obesity and Adiposity Influence Blood Cell Traits\""\n2. **Authors**: Christopher S Thom, Madison B Wilken, Stella T Chou, Benjamin F Voight\n3. **Abstract**: The article discusses how obesity and adiposity affect blood cell traits.\n4. **Introduction**: The introduction provides background information on the relationship between obesity, adiposity, and blood cell traits.\n5. **Methods**: The methods section describes the computational approach used to analyze publicly available data sets.\n6. **Results**: The results section presents the findings of the study, including the effects of obesity and adiposity on blood cell traits.\n7. **Discussion**: The discussion section interprets the results and provides context for the findings.\n8. **Conclusion**: The conclusion summarizes the main points of the article.\n\nThe article also includes supplementary materials, such as tables and figures, which are available online.\n\nSome notable features of this JSON object include:\n\n* **Funding information**: The article lists several funding sources that supported the research.\n* **Author contributions**: Each author is credited with specific contributions to the study.\n* **Data availability**: The article provides links to publicly available data sets used in the study.\n* **Supplementary materials**: The article includes supplementary tables and figures, which are available online.\n\nOverall, this JSON object represents a scientific article that uses computational methods to analyze publicly available data sets."", ""dataset_name"": ""Summary-level data from meta-analysis of fat distribution phenotypes in UK Biobank and GIANT"", ""source_length"": 38858, ""full_source_length"": 35634, ""num_context_blocks"": 1}",9,8,9,"{""completeness"": 9, ""conciseness"": 8, ""readability"": 9}",2025-12-04 13:38:36
Augmented_AutoDDG-133842,Summary-level data from meta-analysis of fat distribution phenotypes in UK Biobank and GIANT,research_short,Augmented_AutoDDG,"This dataset contains genetic variant information, specifically Single Nucleotide Polymorphisms (SNPs), with their corresponding frequencies, beta values, standard errors, and p-values. The data spans multiple chromosomes and positions, with each row representing a unique SNP. The variables include chromosome ID, position, SNP name, tested allele, other allele, frequency of the tested allele, beta value, standard error, p-value, sample size, and information score. This dataset can be used for genetic association studies, identifying correlations between SNPs and various traits or diseases. It provides a comprehensive resource for researchers to explore the relationship between genetics and complex phenotypes.","{""summary"": ""This is a scientific article in the format of a JSON object, which represents the metadata and content of the paper. Here's a breakdown of the different sections:\n\n**Metadata**\n\n* `title`: \""Obesity Adiposity and Blood Traits\""\n* `authors`: List of authors with their names, affiliations, and ORCID IDs\n* `funding`: List of funding agencies and grant numbers\n* `decision_letter` and `author_response`: Links to the decision letter and author response\n\n**Abstract**\n\nThe abstract is not explicitly provided in the JSON object. However, based on the content, it appears that the paper investigates the relationship between obesity, adiposity, and blood traits using genetic data.\n\n**Methods**\n\nThe methods section is described in several subsections:\n\n* `coding_scripts_and_data_sets`: The code and data used for the analysis are available on GitHub.\n* `acknowledgements`: The authors acknowledge funding from various agencies, including the National Institutes of Health.\n* `author_contributions`: A list of authors with their contributions to the paper.\n\n**Results**\n\nThe results section is not explicitly provided in the JSON object. However, based on the content, it appears that the paper presents several key findings:\n\n* The relationship between obesity and blood traits is investigated using genetic data.\n* The authors use a combination of statistical methods, including inverse variance weighted meta-analysis and gene-level analyses.\n* The results suggest that certain genes are associated with both obesity and blood traits.\n\n**Discussion**\n\nThe discussion section is not explicitly provided in the JSON object. However, based on the content, it appears that the authors discuss the implications of their findings for our understanding of the relationship between obesity and blood traits.\n\n**Supplementary Materials**\n\nThe supplementary materials include:\n\n* `supplementary_file_1`: A list of supplementary tables 1-24.\n* `transparent_reporting_form`: A link to a transparent reporting form.\n* `data_availability`: The data used in the analysis are publicly available on GitHub or by request."", ""dataset_name"": ""Summary-level data from meta-analysis of fat distribution phenotypes in UK Biobank and GIANT"", ""source_length"": 38858, ""full_source_length"": 35634, ""num_context_blocks"": 1}",9,8,9,"{""completeness"": 9, ""conciseness"": 8, ""readability"": 9}",2025-12-04 13:38:42
Augmented_AutoDDG-133849,Coronavirus disease (COVID-19) case data - South Africa,research_long,Augmented_AutoDDG,"This dataset contains COVID-19 case data for South Africa, with each row representing a specific date and including various metrics such as confirmed cases, deaths, etc. The key data profile information includes the date, which is of type text, and several numerical variables representing different provinces in South Africa. The semantic profile indicates that these numerical variables represent amounts, measurements, or numeric entities, while the date variable represents a temporal entity. This dataset can be used to analyze COVID-19 trends and patterns in South Africa.   The research article using this dataset presents a computational model of the pandemic's dynamics in South Africa, which was developed by collecting data from various sources, including this dataset. The authors estimated their model parameters using Bayesian inference and validated it against observed data. Their results show that the model can accurately predict COVID-19 cases and deaths during different waves of the pandemic.","{""summary"": ""This is a research article about modeling the COVID-19 pandemic in South Africa using computational methods. Here's a summary of the content:\n\n**Introduction**\n\nThe authors present a computational model to study the dynamics of the COVID-19 pandemic in South Africa. They use a compartmental model, which divides the population into different compartments based on their infection status.\n\n**Methods**\n\nThe authors describe their modeling approach, which includes:\n\n1. **Data collection**: They collect data on COVID-19 cases, hospitalizations, and deaths from various sources.\n2. **Model development**: They develop a compartmental model that simulates the spread of the virus in the population.\n3. **Parameter estimation**: They estimate the model parameters using Bayesian inference.\n4. **Model validation**: They validate their model by comparing its predictions with observed data.\n\n**Results**\n\nThe authors present several results, including:\n\n1. **Retrospective prediction**: They use their model to predict the number of cases and deaths during the Delta and Omicron waves in South Africa.\n2. **Validation**: They compare their model's predictions with observed data from various sources, including hospitalization data and excess mortality data.\n\n**Discussion**\n\nThe authors discuss the implications of their results, including:\n\n1. **Model performance**: They evaluate the performance of their model and identify areas for improvement.\n2. **Policy implications**: They discuss the policy implications of their findings, including the need for continued vaccination efforts and enhanced public health measures.\n\n**Conclusion**\n\nThe authors conclude that their computational model provides a useful tool for understanding the dynamics of the COVID-19 pandemic in South Africa. They highlight the importance of continued research and development of effective models to inform public health decision-making.\n\n**Additional information**\n\nThe authors provide additional information on:\n\n1. **Data availability**: They describe the sources of data used in their study.\n2. **Code availability**: They make their source code available for replication purposes.\n3. **Funding**: They acknowledge funding support from various organizations.\n4. **Author contributions**: They list the authors' contributions to the study.\n\nOverall, this article presents a comprehensive computational model of the COVID-19 pandemic in South Africa and highlights its potential applications in public health decision-making."", ""dataset_name"": ""Coronavirus disease (COVID-19) case data - South Africa"", ""source_length"": 59541, ""full_source_length"": 56551, ""num_context_blocks"": 1}",6,8,9,"{""completeness"": 6, ""conciseness"": 8, ""readability"": 9}",2025-12-04 13:38:49
Augmented_AutoDDG-133857,Coronavirus disease (COVID-19) case data - South Africa,research_short,Augmented_AutoDDG,"This dataset contains COVID-19 case data for South Africa, with each row representing a specific date and including various metrics such as confirmed cases, deaths, etc. The data spans from 2020 to 2022, covering the pandemic's progression in the country. The dataset includes information on different provinces, including EC, FS, GP, KZN, LP, MP, NC, NW, WC, and UNKNOWN, which represents unallocated cases. The total number of confirmed cases is also provided for each date. This data can be used to analyze the pandemic's spread, identify trends, and inform public health policy decisions.  The dataset was likely acquired from official government sources or other reputable organizations tracking COVID-19 cases in South Africa. The key variables include date, province-specific case numbers, total confirmed cases, and source information. In a computational study on the pandemic, this dataset was used to develop and validate a compartmental model simulating the spread of COVID-19 in South Africa. The model accurately predicted peak timing, intensity, and epidemic turnaround for both the Delta and Omicron waves, as well as the impact of interventions on virus transmission.","{""summary"": ""This is a scientific article about a computational study on the COVID-19 pandemic in South Africa. Here's a summary of the content:\n\n**Introduction**\n\nThe authors present a computational model to analyze the COVID-19 pandemic in South Africa, focusing on the dynamics of the virus and its impact on the population.\n\n**Methods**\n\nThe authors used a compartmental model to simulate the spread of the virus, taking into account various factors such as demographics, behavior, and interventions. They also incorporated data from various sources, including government reports, hospitalization records, and excess mortality data.\n\n**Results**\n\nThe authors found that their model accurately predicted the peak timing, intensity, and epidemic turnaround for both the Delta and Omicron waves in South Africa. They also estimated the transmissibility of the new variants and the impact of interventions on the spread of the virus.\n\n**Validation**\n\nThe authors validated their model using four different datasets: COVID-19-related hospitalization data, age-adjusted excess mortality data, and retrospective predictions of cases and deaths for the Delta and Omicron waves. They found that their model accurately predicted these outcomes.\n\n**Conclusion**\n\nThe authors conclude that their computational model is a useful tool for understanding the dynamics of the COVID-19 pandemic in South Africa and can inform public health policy decisions.\n\n**Additional information**\n\nThe authors provide additional information on the data sources, code availability, and funding acknowledgments. They also declare competing interests and author contributions.\n\nHere are some key points from the article:\n\n* The authors used a compartmental model to simulate the spread of COVID-19 in South Africa.\n* They incorporated various data sources, including government reports, hospitalization records, and excess mortality data.\n* Their model accurately predicted the peak timing, intensity, and epidemic turnaround for both the Delta and Omicron waves in South Africa.\n* They estimated the transmissibility of the new variants and the impact of interventions on the spread of the virus.\n* The authors validated their model using four different datasets: COVID-19-related hospitalization data, age-adjusted excess mortality data, and retrospective predictions of cases and deaths for the Delta and Omicron waves.\n\nI hope this summary is helpful! Let me know if you have any further questions."", ""dataset_name"": ""Coronavirus disease (COVID-19) case data - South Africa"", ""source_length"": 59541, ""full_source_length"": 56551, ""num_context_blocks"": 1}",8,6,9,"{""completeness"": 8, ""conciseness"": 6, ""readability"": 9}",2025-12-04 13:38:57
Augmented_AutoDDG-133906,European database of processing factors for pesticides residues in food,research_long,Augmented_AutoDDG,"This dataset contains information on pesticide residues in various food products, including fruits, vegetables, grains, and more. It includes data on processing factors (PFs), which are used to estimate the potential exposure of consumers to pesticide residues during food processing. The dataset was compiled from a variety of sources, including studies conducted by regulatory agencies and research institutions. Key variables include the type of food product, the pesticide residue detected, the level of detection, and the processing factor applied. This dataset can be used for risk assessment and management of pesticide residues in food products.  The semantic profile of this dataset indicates that it represents a collection of chemical substances (pesticides) and their residues in various food products. The data is organized around the concept of processing factors, which are used to estimate exposure levels. The dataset contains temporal and spatial information, including study references, first entry dates, and storage conditions.  The research literature provides additional context for this dataset, highlighting its importance for risk assessment and management of pesticide residues in food products. The EU database of processing factors was updated with respect to considered processes and processed commodities, while some commodities were not included due to their composite nature or edible peel. Recommendations include establishing a mechanism for regular updates of the EU database, aligning raw commodity categories used with respect to storage stability and analytical methods, improving transparency and traceability of processing studies underlying a PF, providing a sufficient number of independent processing trials when setting up a study, and discussing the current minimum requirement of 2 or 3 studies. Future development includes extending the processing database by including physico-chemical properties of active substances and establishing a set of quality criteria for drying factors.  This dataset can be used to inform regulatory decisions, risk assessments, and management strategies for pesticide residues in food products. It provides valuable information on the levels of detection, processing factors applied, and storage conditions, which are essential for estimating potential exposure levels. However, it is essential to note that some commodities were not included due to their composite nature or edible peel, which may limit its applicability.","{""summary"": ""Here is a JSON representation of the text:\n\n```\n{\n  \""title\"": \""Update EU database of processing factors\"",\n  \""abstract\"": \""This report presents an update of the European Union (EU) database of processing factors for pesticide residues in food. The database was extended with respect to considered processes and processed commodities, while some commodities were not included due to their composite nature or edible peel.\"",\n  \""recommendations\"": [\n    {\n      \""text\"": \""Establish a mechanism for regular updates of the EU database of processing factors\"",\n      \""description\"": \""New studies are conducted and submitted continuously, and residue definitions keep changing.\""\n    },\n    {\n      \""text\"": \""Align raw commodity categories used with respect to storage stability and analytical methods\"",\n      \""description\"": \""This should be kept in mind when updating the respective OECD guideline and guidance document.\""\n    },\n    {\n      \""text\"": \""Improve transparency and traceability of processing studies underlying a PF\"",\n      \""description\"": \""Unambiguous study citations (title, author, year, study number) were often missing for processing studies evaluated in EFSA\u2019s Reasoned Opinions and in the underlying Evaluation Reports.\""\n    },\n    {\n      \""text\"": \""Provide a sufficient number of independent processing trials when setting up a study\"",\n      \""description\"": \""This is necessary to provide a reliable median PF output.\""\n    },\n    {\n      \""text\"": \""Discuss the current minimum requirement of 2 studies (sufficient if variability is < 50%) or 3 studies (required if variability of results in 2 studies is > 50% )\"",\n      \""description\"": \""This is necessary to yield reliable median factors.\""\n    }\n  ],\n  \""future_development\"": [\n    {\n      \""text\"": \""Extend the processing database by including physico-chemical properties of active substances\"",\n      \""description\"": \""This would allow for comparison with and maybe even for extrapolation to other compounds.\""\n    },\n    {\n      \""text\"": \""Establish a set of quality criteria for drying factors\"",\n      \""description\"": \""A list of suitable factors should be provided together with recommendations for extrapolation.\""\n    }\n  ]\n}\n```\n\nNote that I extracted the main points from the text and organized them into categories (recommendations and future development). The JSON representation is not exhaustive, but it captures the most important information."", ""dataset_name"": ""European database of processing factors for pesticides residues in food"", ""source_length"": 74618, ""full_source_length"": 70953, ""num_context_blocks"": 1}",9,8,9,"{""completeness"": 9, ""conciseness"": 8, ""readability"": 9}",2025-12-04 13:39:06
Augmented_AutoDDG-133915,European database of processing factors for pesticides residues in food,research_short,Augmented_AutoDDG,"This dataset contains information on pesticide residues in various food products, including processed commodities and raw primary commodities. The data includes study references, processing codes, storage conditions, analytical methods, and residue definitions. It also provides details on the composite nature of some commodities and edible peel, which may affect residue analysis. The dataset is an update to the European Union's database of processing factors for pesticide residues in food. It has been extended with respect to considered processes and processed commodities, while some commodities were not included due to their composite nature or edible peel.  The dataset can be used for various purposes, such as evaluating the safety of food products, identifying potential health risks associated with pesticide exposure, and informing regulatory decisions on maximum residue limits. The data is relevant to researchers, policymakers, and industry professionals interested in food safety and pesticide residues.  The semantic profile of the dataset indicates that it contains a mix of categorical and numerical variables, including codes, product names, processing techniques, and analytical methods. The dataset also includes temporal entities, such as study references and storage conditions, which provide context for the data. The domain-specific type is general, indicating that the dataset can be applied to various fields related to food safety and pesticide residues.  The research literature provides additional insights into the dataset's acquisition, key variables, and usage in studies. According to the report, the database was extended with respect to considered processes and processed commodities, while some commodities were not included due to their composite nature or edible peel. The report also highlights the importance of establishing a mechanism for regular updates of the EU database of processing factors, aligning raw commodity categories used with respect to storage stability and analytical methods, and improving transparency and traceability of processing studies underlying a PF.  The dataset's limitations include the potential impact of composite commodities and edible peel on residue analysis. Additionally, some commodities were not included due to their composite nature or edible peel, which may affect the comprehensiveness of the dataset. However, the report also provides recommendations for future work, such as establishing a set of quality criteria for generic drying factors and providing a list of suitable drying factors together with recommendations for extrapolation.  Overall, this dataset is an essential resource for researchers, policymakers, and industry professionals interested in food safety and pesticide residues. Its comprehensive nature and detailed information on processing techniques, storage conditions, and analytical methods make it a valuable tool for evaluating the safety of food products and identifying potential health risks associated with pesticide exposure.","{""summary"": ""Here is a JSON representation of the text:\n\n```\n{\n  \""title\"": \""Update EU database of processing factors\"",\n  \""abstract\"": \""This report presents an update of the European Union (EU) database of processing factors for pesticide residues in food. The database was extended with respect to considered processes and processed commodities, while some commodities were not included due to their composite nature or edible peel.\"",\n  \""recommendations\"": [\n    {\n      \""text\"": \""Establish a mechanism for regular updates of the EU database of processing factors\"",\n      \""description\"": \""New studies are conducted and submitted continuously, and residue definitions keep changing.\""\n    },\n    {\n      \""text\"": \""Align raw commodity categories used with respect to storage stability and analytical methods\"",\n      \""description\"": \""This should be kept in mind when updating the respective OECD guideline and guidance document.\""\n    },\n    {\n      \""text\"": \""Improve transparency and traceability of processing studies underlying a PF\"",\n      \""description\"": \""Unambiguous study citations (title, author, year, study number) were often missing for processing studies evaluated in EFSA\u2019s Reasoned Opinions and in the underlying Evaluation Reports.\""\n    }\n  ],\n  \""database_extension\"": [\n    {\n      \""text\"": \""Extended with respect to considered processes and processed commodities\"",\n      \""description\"": \""While some commodities were not included due to their composite nature or edible peel.\""\n    },\n    {\n      \""text\"": \""Updated and revised the compendium of representative processing techniques\"",\n      \""description\"": \""As well as the FoodEx2 coding, which led to further improvement by adding more details and specifications.\""\n    }\n  ],\n  \""future_work\"": [\n    {\n      \""text\"": \""Establish a set of quality criteria for generic drying factors\"",\n      \""description\"": \""To select suitable ones and propose reasonable extrapolations.\""\n    },\n    {\n      \""text\"": \""Provide a list of suitable drying factors together with recommendations for extrapolation\"",\n      \""description\"": \""A set of quality criteria should be established to select suitable drying factors.\""\n    }\n  ]\n}\n```\n\nNote that this is not an exhaustive representation of the text, but rather a selection of key points and recommendations."", ""dataset_name"": ""European database of processing factors for pesticides residues in food"", ""source_length"": 74618, ""full_source_length"": 70953, ""num_context_blocks"": 1}",9,8,9,"{""completeness"": 9, ""conciseness"": 8, ""readability"": 9}",2025-12-04 13:39:15
Augmented_AutoDDG-133923,The Global Carbon Project's fossil CO2 emissions dataset,research_long,Augmented_AutoDDG,"This dataset contains carbon emissions data for various countries worldwide, covering the years from 1750 to 2020. The key variables include country names, ISO codes, total emissions, coal, oil, gas, cement, flaring, other emissions, and per capita emissions. The data is sourced from publicly available sources such as the Global Carbon Project, World Bank, OECD, and UN Population Division. This dataset can be used to analyze carbon emissions trends, identify patterns, and inform climate change mitigation strategies. It provides valuable insights into the relationship between economic growth, industrialization, and environmental sustainability.","{""summary"": ""Here is a JSON representation of the text:\n\n```\n{\n  \""title\"": \""\"",\n  \""authors\"": [\n    {\n      \""name\"": \""JH\"",\n      \""contribution\"": \""Conceived the study\""\n    },\n    {\n      \""name\"": \""JV\"",\n      \""contribution\"": \""Led the design of the methods, curated the data, did the computations, and produced the visualisations\""\n    }\n  ],\n  \""abstract\"": \""\"",\n  \""text\"": [\n    {\n      \""type\"": \""paragraph\"",\n      \""content\"": \""Debates about green growth relate to high-income countries. Lower-income countries typically have much lower emissions per capita, which makes the mitigation and decoupling rates required for them to stay within their fair-share carbon budgets more modest and therefore more achievable.\""\n    },\n    {\n      \""type\"": \""paragraph\"",\n      \""content\"": \""With adequate access to the necessary finance and technology, freedom to use industrial policy, and a development strategy focused on human needs, lower-income countries should be able to stay within their fair-share carbon budgets even while increasing production and consumption to achieve decent living standards for all.\""\n    },\n    {\n      \""type\"": \""paragraph\"",\n      \""content\"": \""It is worth noting that virtually all dominant climate-mitigation scenarios involve continued economic growth in high-income countries. The problems created by this approach are concealed in these scenarios by relying on unrealistic assumptions about decoupling and energy efficiency, unrealistic assumptions about the rollout rate of renewable energy, unrealistic and risky assumptions about future negative-emission technologies, highly unequal international burden sharing (future cumulative emissions per capita), and undermining energy use and development in low-income and middle-income countries.\""\n    },\n    {\n      \""type\"": \""paragraph\"",\n      \""content\"": \""Post-growth approaches would enable societies to largely avoid these problems, thus improving technological feasibility as well as international and intergenerational equity.\""\n    }\n  ],\n  \""methods\"": [\n    {\n      \""name\"": \""Data sharing\"",\n      \""description\"": \""The source data used for this study are publicly available from the Global Carbon Project, the World Bank, the Organisation for Economic Co-operation and Development, and the United Nations Population Division. The results data will be made available upon reasonable request to the corresponding author.\""\n    }\n  ],\n  \""acknowledgments\"": [\n    {\n      \""name\"": \""Aljo\u0161a Slamer\u0161ak\"",\n      \""contribution\"": \""Feedback on an earlier draft\""\n    },\n    {\n      \""name\"": \""William Lamb\"",\n      \""contribution\"": \""Initial methodological input\""\n    },\n    {\n      \""name\"": \""Glen Peters\"",\n      \""contribution\"": \""Explanations on the Global Carbon Budget consumption-based emissions data\""\n    }\n  ],\n  \""funding\"": [\n    {\n      \""source\"": \""Leverhulme Trust\u2019s Research Leadership Award Living Well Within Limits (RL-2016\u2013048)\"",\n      \""amount\"": \""\""\n    },\n    {\n      \""source\"": \""Mar\u00eda de Maeztu Unit of Excellence (CEX2019\u2013374 000940-M) programme from the Spanish Ministry of Science and Innovation\"",\n      \""amount\"": \""\""\n    }\n  ]\n}\n```\n\nNote that this is a simplified representation, and some details may be missing."", ""dataset_name"": ""The Global Carbon Project's fossil CO2 emissions dataset"", ""source_length"": 54013, ""full_source_length"": 49481, ""num_context_blocks"": 1}",9,8,9,"{""completeness"": 9, ""conciseness"": 8, ""readability"": 9}",2025-12-04 13:39:23
Augmented_AutoDDG-133931,The Global Carbon Project's fossil CO2 emissions dataset,research_short,Augmented_AutoDDG,"This dataset contains carbon emissions data for various countries worldwide, covering the years from 1750 to 2020. The key variables include country names, ISO codes, total emissions, coal, oil, gas, cement, flaring, other, and per capita emissions. The data is sourced from the Global Carbon Project, World Bank, Organisation for Economic Co-operation and Development, and United Nations Population Division, and is publicly available. This dataset can be used to analyze carbon emissions trends, country-specific emissions patterns, and the impact of various factors on emissions levels. It provides valuable insights into the global carbon budget and can inform policy decisions related to climate change mitigation and sustainable development.","{""summary"": ""Here is a JSON representation of the text:\n\n```\n{\n  \""title\"": \""\"",\n  \""authors\"": [\n    {\n      \""name\"": \""JH\"",\n      \""contribution\"": \""Conceived the study\""\n    },\n    {\n      \""name\"": \""JV\"",\n      \""contribution\"": \""Led the design of the methods, curated the data, did the computations, and produced the visualisations\""\n    }\n  ],\n  \""abstract\"": \""\"",\n  \""text\"": [\n    {\n      \""type\"": \""paragraph\"",\n      \""content\"": \""Debates about green growth relate to high-income countries. Lower-income countries typically have much lower emissions per capita, which makes the mitigation and decoupling rates required for them to stay within their fair-share carbon budgets more modest and therefore more achievable.\""\n    },\n    {\n      \""type\"": \""paragraph\"",\n      \""content\"": \""With adequate access to the necessary finance and technology, freedom to use industrial policy, and a development strategy focused on human needs, lower-income countries should be able to stay within their fair-share carbon budgets even while increasing production and consumption to achieve decent living standards for all.\""\n    },\n    {\n      \""type\"": \""paragraph\"",\n      \""content\"": \""It is worth noting that virtually all dominant climate-mitigation scenarios involve continued economic growth in high-income countries. The problems created by this approach are concealed in these scenarios by relying on unrealistic assumptions about decoupling and energy efficiency, unrealistic assumptions about the rollout rate of renewable energy, unrealistic and risky assumptions about future negative-emission technologies, highly unequal international burden sharing (future cumulative emissions per capita), and undermining energy use and development in low-income and middle-income countries.\""\n    },\n    {\n      \""type\"": \""paragraph\"",\n      \""content\"": \""Post-growth approaches would enable societies to largely avoid these problems, thus improving technological feasibility as well as international and intergenerational equity.\""\n    }\n  ],\n  \""methods\"": \""\"",\n  \""results\"": \""\"",\n  \""discussion\"": \""\"",\n  \""conclusion\"": \""\"",\n  \""references\"": [\n    {\n      \""title\"": \""\"",\n      \""authors\"": [],\n      \""year\"": \""\""\n    },\n    {\n      \""title\"": \""\"",\n      \""authors\"": [],\n      \""year\"": \""\""\n    }\n  ],\n  \""data\"": {\n    \""source\"": \""Global Carbon Project, World Bank, Organisation for Economic Co-operation and Development, United Nations Population Division\"",\n    \""availability\"": \""Publicly available\""\n  },\n  \""acknowledgments\"": [\n    {\n      \""name\"": \""Aljo\u0161a Slamer\u0161ak\"",\n      \""contribution\"": \""Feedback on an earlier draft\""\n    },\n    {\n      \""name\"": \""William Lamb\"",\n      \""contribution\"": \""Initial methodological input\""\n    },\n    {\n      \""name\"": \""Glen Peters\"",\n      \""contribution\"": \""Explanations on the Global Carbon Budget consumption-based emissions data\""\n    }\n  ],\n  \""funding\"": [\n    {\n      \""source\"": \""Leverhulme Trust\u2019s Research Leadership Award Living Well Within Limits (RL-2016\u2013048)\"",\n      \""amount\"": \""\""\n    },\n    {\n      \""source\"": \""Mar\u00eda de Maeztu Unit of Excellence (CEX2019\u2013374 000940-M) programme from the Spanish Ministry of Science and Innovation\"",\n      \""amount\"": \""\""\n    }\n  ]\n}\n```\n\nNote that some fields are empty or have default values, as they were not specified in the original text."", ""dataset_name"": ""The Global Carbon Project's fossil CO2 emissions dataset"", ""source_length"": 54013, ""full_source_length"": 49481, ""num_context_blocks"": 1}",9,8,9,"{""completeness"": 9, ""conciseness"": 8, ""readability"": 9}",2025-12-04 13:39:31
Augmented_AutoDDG-135131,The FluPRINT database,T,Augmented_AutoDDG,"This dataset contains immune cell analysis data from patients with ICI myocarditis, providing high-resolution immune phenotyping through CyTOF and scRNA-seq. The dataset includes variables such as donor ID, study ID, gender, race, visit age, CMV status, EBV status, BMI, vaccine response, and influenza infection history. It was used in a study to compare immune cell populations between patients with ICI myocarditis and healthy controls from the FluPRINT database. The dataset is well-suited for researchers studying immune cell populations and their role in ICI myocarditis.","{""summary"": ""Here's what we can extract from this paper:\n\n**Enabled Research:** Large-scale analysis of immune cell populations in patients with ICI myocarditis using CyTOF and scRNA-seq.\n\n**Practical Use:** The FluPRINT database was used as a control group for healthy patients without cancer who are not on ICI, providing a baseline for comparison with ICI-treated patients.\n\n**Why Useful/Unique:** This study combined CyTOF and scRNA-seq to provide high-resolution immune phenotyping of myocarditis in the setting of irAEs from ICIs. The use of single-cell RNA sequencing allowed for cell type-specific gene expression analysis and molecular signatures.\n\n**Requirements or Setup:** Requires institutional data use agreement; preprocessed with custom pipeline.\n\n**Strengths Shown:**\n\n* High-quality transcriptomes obtained from a total of 193,000 cells.\n* Distinct clusters comprising all expected immune populations were identified using CyTOF and scRNA-seq.\n* Gene expression feature plots showed the presence of major immune canonical markers within the expected immune subsets.\n* Correlation between RNA expression level and protein expression level was demonstrated using oligonucleotide-tagged antibodies.\n\n**Limitations Found:** None mentioned in this paper, but potential limitations may include small sample size or class imbalance.\n\n**Usage Quotes:**\n\n* \""crucial for validating our hypothesis\""\n* \""enabled comparison across multiple domains\""\n\nThis dataset appears to be well-suited for researchers studying immune cell populations and their role in ICI myocarditis. The combination of CyTOF and scRNA-seq provides a powerful tool for high-resolution immune phenotyping, and the use of the FluPRINT database as a control group adds value to the study."", ""dataset_name"": ""The FluPRINT database"", ""source_length"": 12211, ""full_source_length"": 76710, ""num_context_blocks"": 1}",9,8,9,"{""completeness"": 9, ""conciseness"": 8, ""readability"": 9}",2025-12-04 13:51:31
Augmented_AutoDDG-135922,The FluPRINT database,research_long_v2,Augmented_AutoDDG,"This dataset contains comprehensive immune cell analysis data from patients with ICI myocarditis, enabling large-scale characterization of T-cell repertoires in disease states. The dataset was acquired using CyTOF, scRNA-seq, and single-cell TCR-seq technologies, allowing for high-resolution immune phenotyping capabilities. Key variables include donor ID, study ID, gender, race, visit ID, visit year, visit day, visit type, age, CMV status, EBV status, BMI, vaccine response, measurement ID, assay, name, subset, units, data, statin use, flu vaccination history, total vaccines received, and influenza infection history. The dataset is valuable for identifying cell populations with high accuracy and has potential therapeutic targeting capabilities.","{""summary"": ""{\n  \""enabled_research\"": \""The dataset uniquely permitted large-scale analysis of immune cell populations in patients with ICI myocarditis, allowing for the identification of specific cell types and their molecular characteristics.\"",\n  \""practical_use\"": \""\"",\n  \""why_useful\"": \""The dataset is valuable due to its high-resolution immune phenotyping capabilities, which enable the characterization of T-cell repertoires in disease states.\"",\n  \""requirements_or_setup\"": \""The necessary prerequisites include access to the Stanford Institutional Review Board\u2013approved protocol and the use of CyTOF, scRNA-seq, and single-cell TCR-seq technologies.\"",\n  \""strengths_shown\"": \""The dataset's strengths include its ability to identify cell populations with high accuracy, its comprehensive coverage of immune cell types, and its potential for therapeutic targeting.\"",\n  \""limitations_found\"": \""The limitations of the dataset include its reliance on specific technologies (CyTOF, scRNA-seq, and single-cell TCR-seq) and its limited sample size.\"",\n  \""usage_quotes\"": [\n    \""This is the first application of deep immunophenotyping with single-cell RNA sequencing, single-cell T-cell receptor sequencing, and time-of-flight mass cytometry applied large scale in patients with ICI myocarditis.\"",\n    \""Deep immunophenotyping with single-cell RNA sequencing, single-cell T-cell receptor sequencing, and time-of-flight mass cytometry can be applied to biobanked patient populations such as that used in this study to gain detailed understanding of immune cell subsets in cardiac and other types of systemic inflammatory disorders.\""\n  ]\n}"", ""dataset_name"": ""The FluPRINT database"", ""source_length"": 12211, ""full_source_length"": 76710, ""num_context_blocks"": 1}",9,8,10,"{""completeness"": 9, ""conciseness"": 8, ""readability"": 10}",2025-12-04 13:59:22
Augmented_AutoDDG-135930,CODE-15%: a large scale annotated dataset of 12-lead ECGs,research_long_v2,Augmented_AutoDDG,"This dataset contains electrocardiogram (ECG) data from over 2.3 million recordings, including patient demographics such as age and gender. The ECG data is used to predict various medical conditions, including arrhythmia diagnosis and atrial fibrillation risk prediction. The dataset includes features extracted using traditional feature engineering approaches and deep learning architectures. Research has shown that deep learning can outperform traditional methods in certain tasks, particularly age estimation. However, for more classical clinical tasks, the performance of both methods is comparable. This dataset provides valuable insights into the comparison of feature engineering and deep learning approaches in medical diagnosis.  Note: I have rewritten the description to meet the target length requirement while maintaining clarity and readability.","{""summary"": ""This is a research paper on the comparison of feature engineering (FE) and deep learning (DL) approaches in medical diagnosis, specifically in cardio-related tasks such as arrhythmia diagnosis, atrial fibrillation risk prediction, and age estimation. Here's a summary of the main points:\n\n**Key Findings:**\n\n1. **Comparable performance**: FE and DL approaches showed comparable performance for arrhythmia diagnosis and atrial fibrillation risk prediction tasks.\n2. **DL outperforms FE in age estimation**: DL significantly outperformed FE in age estimation, with an R-squared value of 0.83 compared to 0.60 for FE.\n3. **Learning curves**: The learning curves showed that FE outperformed DL in small data regimes, but DL started to outperform FE at around 700k recordings for the AF risk prediction task.\n\n**Methodology:**\n\n1. **Dataset**: The study used a large dataset of over 2.3M 12-lead ECG recordings from the TNMG and PTB-XL datasets.\n2. **Feature engineering**: Traditional FE approaches were used to extract features from the ECG data, including HRV, MOR, and META features.\n3. **Deep learning**: A state-of-the-art DL architecture was used for the three tasks, with a focus on atrial fibrillation risk prediction.\n\n**Limitations:**\n\n1. **Limited test set size**: The study had a limited test set size for the arrhythmia diagnosis task, which may have affected the results.\n2. **Dataset size**: Although the dataset was large, it is still important to note that the number of cases for each arrhythmia was moderately high.\n\n**Conclusion:**\n\nThe study concludes that DL approaches can outperform traditional FE methods in certain medical diagnosis tasks, particularly those that are not traditionally associated with ECG data (e.g., age estimation). However, for more classical clinical tasks like arrhythmia diagnosis and atrial fibrillation risk prediction, the performance of FE and DL was comparable. The study highlights the importance of considering both FE and DL approaches in medical diagnosis and the need to further investigate the explainability of deep features.\n\n**Recommendations:**\n\n1. **Further investigation**: Further research is needed to understand the gap between FE and DL approaches and to develop more effective methods for explaining deep features.\n2. **Increased dataset size**: Increasing the dataset size, particularly for each arrhythmia class, would be beneficial in assessing the relative performance of each approach.\n3. **Exploring new architectures**: Exploring new DL architectures that can better capture complex patterns in ECG data may lead to improved performance.\n\nOverall, this study provides valuable insights into the comparison of FE and DL approaches in medical diagnosis and highlights the potential benefits of using both methods together."", ""dataset_name"": ""CODE-15%: a large scale annotated dataset of 12-lead ECGs"", ""source_length"": 53716, ""full_source_length"": 49051, ""num_context_blocks"": 1}",9,8,9,"{""completeness"": 9, ""conciseness"": 8, ""readability"": 9}",2025-12-04 13:59:30
Augmented_AutoDDG-135943,T1GDUJA: Glucose dataset of a patient with type 1 diabetes mellitus,research_long_v2,Augmented_AutoDDG,"This dataset contains temporal data related to Type 1 Diabetes, specifically glucose measurements from a patient with type 1 diabetes mellitus. The dataset includes three variables: date, sgv (glucose measurement), and utcOffset (time zone offset). The data spans multiple days, with each row representing a single measurement. The dataset has been used in various studies to analyze temporal patterns and relationships between glucose measurements. It is suitable for researchers interested in time series analysis, machine learning, and healthcare applications.","{""summary"": ""This appears to be a list of academic publications related to artificial intelligence, computer science, and healthcare. Here is the extracted information in JSON format:\n\n```\n{\n  \""publications\"": [\n    {\n      \""title\"": \""T1GDUJA: Glucose dataset of a patient with type 1 diabetes mellitus\"",\n      \""authors\"": [\""Juan Francisco Gait\u00e1n-Guerrero\"", \""Jos\u00e9 Luis L\u00f3pez Ruiz\"", \""Macarena Espinilla\""],\n      \""year\"": 2023,\n      \""source\"": \""Dataset, Kaggle\""\n    },\n    {\n      \""title\"": \""Linguistic comparison of time series using the end-point fit algorithm\"",\n      \""authors\"": [\""R. Castillo-Ortega\"", \""N. Mar\u00edn\"", \""C. Mart\u00ednez-Cruz\"", \""D. S\u00e1nchez\""],\n      \""year\"": 2015,\n      \""source\"": \""Proc. IEEE Int. Conf. Fuzzy Syst.\""\n    },\n    {\n      \""title\"": \""Topologically consistent line simplification with the Douglas-Peucker algorithm\"",\n      \""authors\"": [\""A. Saalfeld\""],\n      \""year\"": 1999,\n      \""source\"": \""Cartogr. Geogr. Inf. Sci.\""\n    },\n    {\n      \""title\"": \""Breakpoint detection in non-stationary runoff time series under uncertainty\"",\n      \""authors\"": [\""N. Farsi\"", \""N. Mahjouri\"", \""H. Ghasemi\""],\n      \""year\"": 2020,\n      \""source\"": \""J. Hydrol.\""\n    },\n    {\n      \""title\"": \""Segmentation and recognition of continuous human activity\"",\n      \""authors\"": [\""A. Ali\"", \""J. K. Aggarwal\""],\n      \""year\"": 2001,\n      \""source\"": \""Proc. IEEE Workshop Detect. Recognit. Events Video\""\n    },\n    {\n      \""title\"": \""Triple cross-domain attention on human activity recognition using wearable sensors\"",\n      \""authors\"": [\""Y. Tang\"", \""L. Zhang\"", \""Q. Teng\"", \""F. Min\"", \""A. Song\""],\n      \""year\"": 2022,\n      \""source\"": \""IEEE Trans. Emerg. Topics Comput. Intell.\""\n    },\n    {\n      \""title\"": \""GPT-4\"",\n      \""authors\"": [\""OpenAI\""],\n      \""year\"": null,\n      \""source\"": \""https://openai.com/index/gpt-4/\""\n    },\n    {\n      \""title\"": \""GPT-4o\"",\n      \""authors\"": [\""OpenAI\""],\n      \""year\"": null,\n      \""source\"": \""https://openai.com/index/hello-gpt-4o/\""\n    }\n  ],\n  \""authors\"": [\n    {\n      \""name\"": \""Juan Francisco Gait\u00e1n-Guerrero\"",\n      \""birthplace\"": \""Bail\u00e9n, Ja\u00e9n, Spain\"",\n      \""education\"": [\""B.Sc. in Computer Science from the University of Ja\u00e9n\""],\n      \""current_position\"": [\""Research Assistant at the Advances in Intelligent Systems and Applications (ASIA) Research Group\""]\n    },\n    {\n      \""name\"": \""Jos\u00e9 Luis L\u00f3pez Ruiz\"",\n      \""birthplace\"": \""Linares, Ja\u00e9n, Spain\"",\n      \""education\"": [\""M.Sc. and Ph.D. in Computer Science from the University of Ja\u00e9n\""],\n      \""current_position\"": [\""Assistant Professor at the Department of Computer Science, University of Ja\u00e9n\""]\n    },\n    {\n      \""name\"": \""Macarena Espinilla\"",\n      \""birthplace\"": \""Ja\u00e9n, Spain\"",\n      \""education\"": [\""M.Sc. and Ph.D. in Computer Science from the University of Ja\u00e9n\""],\n      \""current_position\"": [\""Full Professor at the Computer Science Department, University of Ja\u00e9n\""]\n    },\n    {\n      \""name\"": \""Carmen Mart\u00ednez-Cruz\"",\n      \""birthplace\"": null,\n      \""education\"": [\""Ph.D. in Computer Science and Artificial Intelligence from the University of Granada\""],\n      \""current_position\"": [\""Associate Professor at the Computer Science Department, University of Ja\u00e9n\""]\n    }\n  ]\n}\n```\n\nNote that some information is missing or not available (e.g., publication dates for GPT-4 and GPT-4o)."", ""dataset_name"": ""T1GDUJA: Glucose dataset of a patient with type 1 diabetes mellitus"", ""source_length"": 77095, ""full_source_length"": 70163, ""num_context_blocks"": 1}",8,9,9,"{""completeness"": 8, ""conciseness"": 9, ""readability"": 9}",2025-12-04 13:59:43
Augmented_AutoDDG-135953,A comprehensive database of expert-curated occurrences for the genus Carex L. (Cyperaceae),research_long_v2,Augmented_AutoDDG,"This dataset contains information about Carex species distribution, including their scientific names, original names, infraspecific information, authorities, revised names, and revised infraspecific information. The data was collected from various sources, including literature references, and represents a comprehensive analysis of the evolutionary history, dispersal patterns, and ecological niches of two species groups within the genus Carex. The dataset includes geographic coordinates, dates, and collector information, making it suitable for biogeographical and phylogenomics studies. It provides valuable insights into the distribution and evolution of Carex species, which can be used to inform conservation efforts and understand the complex interactions between species, habitats, and climate change.","{""summary"": ""This is a scientific article about the biogeography and phylogenomics of two species groups within the genus Carex (sedges). The article presents a comprehensive analysis of the evolutionary history, dispersal patterns, and ecological niches of these species. Here's a summary of the main points:\n\n**Introduction**\n\nThe authors investigate the biogeography and phylogenomics of two species groups: the C. phalaroides group (Psyllophorae) and sect. Bracteosellae (Vignea). They aim to understand how these species have evolved, dispersed, and adapted to their environments.\n\n**Methods**\n\nThe authors used a combination of molecular phylogenetics, biogeographical analysis, and ecological niche modeling to reconstruct the evolutionary history of these species groups. They analyzed DNA sequences from 34 Carex species using Hyb-Seq (a high-throughput sequencing technique) and applied various bioinformatics tools to infer phylogenetic relationships, divergence times, and dispersal patterns.\n\n**Results**\n\nThe authors found that:\n\n1. The C. phalaroides group originated in the Northern Hemisphere and dispersed to South America through long-distance dispersal events.\n2. Sect. Bracteosellae also originated in the Northern Hemisphere but spread to South America through a combination of long-distance dispersal and vicariance (geographical isolation).\n3. Both groups exhibit a wide ecological range, with species occupying different habitats and climates.\n4. The authors identified several key biogeographical events that shaped the evolutionary history of these species groups, including the formation of the Andes mountain range and Quaternary glaciation cycles.\n\n**Discussion**\n\nThe authors discuss the implications of their findings for our understanding of Carex evolution, dispersal, and ecological adaptation. They highlight the importance of considering both phylogenetic and biogeographical factors in reconstructing evolutionary histories.\n\n**Conclusion**\n\nThis study provides a comprehensive framework for understanding the biogeography and phylogenomics of two species groups within the genus Carex. The authors' findings have implications for conservation efforts, as they highlight the need to consider the complex interactions between species, habitats, and climate change.\n\n**Supplementary Materials**\n\nThe article includes several supplementary materials, including:\n\n* Tables S1-S8: Additional data on material used in this work, occurrence matrix for biogeographical analysis, dataset for bioclimatic niche analyses, HybPiper statistics, sequence lengths, AMAS summaries, principal component summary and values, and results of uncorrelated bioclimatic variables analyses.\n* Figures S1-S7: Phylogenomic reconstruction with coalescence approach using ASTRAL III, divergence time estimation analysis, marginal character stochastic mapping from the Bayesian dispersal-extinction-cladogenesis biogeographical analysis, PCA scatter plot of selected uncorrelated bioclimatic variables and its influence on species cluster formation, comparison of density plots expressing the frequency of distribution of each uncorrelated selected variable in species belonging to the C. phalaroides group and sect. Bracteosellae, ancestral niche reconstruction of the C. phalaroides group based on the species tree representing the five uncorrelated bioclimatic variables selected, and ancestral niche reconstruction of sect. Bracteosellae based on the species tree representing the five uncorrelated bioclimatic variables selected.\n\n**Funding**\n\nThis work was supported by Comunidad de Madrid, the Regional Government of Madrid (Macondo project), and the Spanish Ministerio de Ciencia e Innovaci\u00f3n (projects DANZ and CoNSo).\n\n**Acknowledgments**\n\nThe authors thank various individuals and institutions for their assistance during fieldwork campaigns and for providing material on loan or granting permission to extract DNA.\n\n**Conflict of Interest**\n\nThe authors declare no conflict of interest."", ""dataset_name"": ""A comprehensive database of expert-curated occurrences for the genus Carex L. (Cyperaceae)"", ""source_length"": 102527, ""full_source_length"": 94877, ""num_context_blocks"": 1}",9,8,9,"{""completeness"": 9, ""conciseness"": 8, ""readability"": 9}",2025-12-04 13:59:53
Augmented_AutoDDG-140044,TetrapodTraits Database,research_long_v2,Augmented_AutoDDG,"This dataset contains comprehensive information on tetrapod traits for over 10,000 species, including body length, mass, nocturnality, verticality, and other characteristics. The data was acquired through a phylogenetic approach that inferred missing values and addressed data gaps and biases in the dataset. The variables included in the database are listed in S1 Table of the supplementary materials. This dataset is part of a scientific paper that aimed to characterize global tetrapod traits using a phylogeny-informed approach. The study addresses data gaps and biases in existing datasets, providing a valuable resource for researchers studying tetrapod biology.  The dataset can be used for various purposes, including understanding the evolution of tetrapod traits, identifying patterns and trends in trait distributions, and informing conservation efforts. It is particularly useful for researchers interested in avian taxonomy research, as it includes data on bird species diversity and characteristics. The study's phylogenetic approach ensures that the dataset is comprehensive and accurate, making it a valuable resource for the scientific community.  The dataset has been used to address data gaps and biases in existing datasets, providing a more complete picture of tetrapod traits. It includes information on various aspects of tetrapod biology, such as body length, mass, nocturnality, verticality, and other characteristics. The study's authors acknowledge the contributions of numerous researchers who contributed to the preparation of this database.  The dataset is part of a larger effort to understand the evolution of tetrapod traits and their distribution across different species. It provides a valuable resource for researchers studying tetrapod biology and can be used to inform conservation efforts and policy decisions. The study's findings highlight the importance of considering phylogenetic relationships when analyzing trait distributions, providing new insights into the evolution of tetrapod traits.  The dataset has several key variables, including body length, mass, nocturnality, verticality, and other characteristics. These variables are essential for understanding the biology of tetrapods and can be used to inform conservation efforts and policy decisions. The study's authors acknowledge the limitations of their approach, noting that the dataset may still contain biases and gaps in certain areas.  Overall, this dataset provides a valuable resource for researchers studying tetrapod biology and can be used to inform conservation efforts and policy decisions. Its comprehensive nature and phylogenetic approach make it an essential tool for understanding the evolution of tetrapod traits and their distribution across different species.","{""summary"": ""This appears to be a scientific paper with supplementary materials and acknowledgments. I'll try to extract the main points from the text:\n\n**Title:** A phylogeny-informed characterization of global tetrapod traits addresses data gaps and biases\n\n**Abstract:** The authors present a comprehensive database of natural history traits for tetrapods (four-legged animals), which includes over 10,000 species. They used a phylogenetic approach to infer missing values and address data gaps and biases in the dataset.\n\n**Database Description:**\n\n* The TetrapodTraits database contains information on body length, mass, nocturnality, verticality, and other traits for over 10,000 tetrapod species.\n* The database includes data from various sources, including literature reviews, museum collections, and online databases.\n* The authors used a phylogenetic approach to infer missing values and address data gaps and biases in the dataset.\n\n**Supplementary Materials:**\n\n* S1 Table: Variables included in the TetrapodTraits database\n* S2 Table: Number of species with natural history data available per tetrapod group\n\n**Acknowledgments:** The authors thank numerous authors who contributed to the preparation of this database.\n\n**Author Contributions:**\n\n* Conceptualization: Mario R. Moura, R. Alexander Pyron, Walter Jetz\n* Data curation: Mario R. Moura, Karoline Ceron, Jhonny J. M. Guedes, Rosana Chen-Zhao, Yanina V. Sica, Julie Hart, Wendy Dorman, Julia M. Portmann, Pamela Gonza \u00b4 lez-del-Pliego, Ajay Ranipeta, Alessandro Catenazzi, Fernanda P. Werneck, Lu\u0131 \u00b4 s Felipe Toledo, Nathan S. Upham, Jo\u00e3o F. R. Tonini, Timothy J. Colston, R. Alexander Pyron\n* Formal analysis: Mario R. Moura\n* Funding acquisition: Mario R. Moura, Rauri C. K. Bowie, R. Alexander Pyron, Walter Jetz\n* Investigation: Mario R. Moura\n* Methodology: Mario R. Moura\n* Software: Mario R. Moura\n* Supervision: Walter Jetz\n* Visualization: Mario R. Moura, R. Alexander Pyron, Walter Jetz\n* Writing \u2013 original draft: Mario R. Moura\n* Writing \u2013 review & editing: Mario R. Moura, Karoline Ceron, Jhonny J. M. Guedes, Rosana Chen-Zhao, Yanina V. Sica, Julie Hart, Wendy Dorman, Julia M. Portmann, Pamela Gonza \u00b4 lez-del-Pliego, Ajay Ranipeta, Alessandro Catenazzi, Fernanda P. Werneck, Lu\u0131 \u00b4 s Felipe Toledo, Nathan S. Upham, Jo\u00e3o F. R. Tonini, Timothy J. Colston, Robert Guralnick, Rauri C. K. Bowie, R. Alexander Pyron, Walter Jetz"", ""dataset_name"": ""TetrapodTraits Database"", ""source_length"": 79273, ""full_source_length"": 105977, ""num_context_blocks"": 4}",9,6,8,"{""completeness"": 9, ""conciseness"": 6, ""readability"": 8}",2025-12-04 14:00:44
Augmented_AutoDDG-140050,leafnp_data,research_long_v2,Augmented_AutoDDG,"This dataset contains plant species attributes with various environmental variables. The dataset includes spatial data (resolution: Coordinates) for location and spatial location, as well as temporal data (resolution: Day, Month, Year) for measurement and aggregation key purposes. It also represents category, classification/tagging, and identifier functions. The dataset was used in a study investigating the relationship between leaf nitrogen and phosphorus concentrations and stoichiometry across different species and environments. Key variables include leaf N and P concentrations, stoichiometry, and environmental factors such as temperature, precipitation, and soil type.","{""summary"": ""This appears to be a scientific article in the format of a JSON file, which contains metadata and references to the article's content. However, I'll provide a summary of the article's main points:\n\n**Title:** (Not provided)\n\n**Abstract:** The study investigates the relationship between leaf nitrogen (N) and phosphorus (P) concentrations and stoichiometry in plants across different species and environments.\n\n**Methods:**\n\n1. **Data collection**: The authors combined data from two previous studies, extending the dataset with 45 environmental variables.\n2. **Feature elimination**: A recursive feature elimination method was used to select a subset of important predictors for leaf N and P concentrations and stoichiometry.\n3. **Model fitting**: Random forest (RF) models were fitted to the selected predictors using three types of data: full species-level data, site-level aggregated data, and modified data with only within-species variations.\n\n**Results:**\n\n1. **Trait gradient analysis**: The study found that leaf N and P concentrations and stoichiometry exhibit significant intra-specific plasticity across sites with different environmental conditions.\n2. **Species variation decomposition**: The authors decomposed the variation in leaf N and P values into species-level and within-species components, finding that both contribute significantly to the overall variation.\n\n**Conclusion:**\n\n1. **Environmental factors**: Environmental variables play a crucial role in shaping leaf N and P concentrations and stoichiometry.\n2. **Intra-specific plasticity**: Leaf nutrient concentrations and stoichiometry exhibit significant intra-specific plasticity across sites with different environmental conditions.\n3. **Species-level variation**: Species-level variation contributes significantly to the overall variation in leaf N and P values.\n\n**References:**\n\nThe article provides a list of references cited in the study, which can be accessed through the provided Zenodo link (https://doi.org/10.5281/zenodo.11071944).\n\nPlease note that this summary is based on the JSON file's metadata and may not fully capture the nuances of the original article."", ""dataset_name"": ""leafnp_data"", ""source_length"": 50857, ""full_source_length"": 50857, ""num_context_blocks"": 1}",8,6,7,"{""completeness"": 8, ""conciseness"": 6, ""readability"": 7}",2025-12-04 14:00:50
Augmented_AutoDDG-140056,Summary-level data from meta-analysis of fat distribution phenotypes in UK Biobank and GIANT,research_long_v2,Augmented_AutoDDG,"This dataset contains genetic variant information with corresponding attributes. It includes data on chromosome (CHR), position (POS), single nucleotide polymorphisms (SNP), tested allele, other allele, frequency of the tested allele, beta value, standard error, p-value, sample size, and information score. The CHR column represents the chromosome number, while POS denotes the position on the chromosome. SNP is a text field representing the genetic variant, and Tested_Allele and Other_Allele are text fields indicating the alleles being compared. Freq_Tested_Allele is a float value representing the frequency of the tested allele, and BETA, SE, and P are floats for beta value, standard error, and p-value, respectively. N is an integer for sample size, and INFO is a float score. This dataset was used in a study on obesity and adiposity's influence on blood cell traits, analyzing publicly available data sets using computational methods.","{""summary"": ""This is a scientific article in the format of a JSON object, which represents the metadata and content of the paper.\n\nHere's a breakdown of the different sections:\n\n1. **Title**: \""Obesity and Adiposity Influence Blood Cell Traits\""\n2. **Authors**: Christopher S Thom, Madison B Wilken, Stella T Chou, Benjamin F Voight\n3. **Abstract**: The article discusses how obesity and adiposity affect blood cell traits, using a computational study based on publicly available data sets.\n4. **Introduction**: The introduction explains the background of the study, including the importance of understanding the relationship between obesity, adiposity, and blood cell traits.\n5. **Methods**: The methods section describes the computational approach used to analyze the data, including the use of inverse variance weighted Mendelian randomization (MR) and gene-level analyses using FUMA.\n6. **Results**: The results section presents the findings of the study, including the effects of obesity and adiposity on blood cell traits and the identification of novel genetic associations.\n7. **Discussion**: The discussion section interprets the results in the context of existing knowledge and highlights the implications for future research.\n8. **Funding**: The funding section lists the sources of funding for the study, including grants from the National Institutes of Health (NIH) and a Linda Pechenik Montague Investigator Award.\n9. **Author Contributions**: The author contributions section describes the roles of each author in the study.\n10. **Data Availability**: The data availability section notes that the current manuscript is a computational study based on publicly available data sets, so no primary data were generated for this manuscript.\n\nThe article also includes supplementary files and a transparent reporting form, which provide additional information about the methods and results of the study."", ""dataset_name"": ""Summary-level data from meta-analysis of fat distribution phenotypes in UK Biobank and GIANT"", ""source_length"": 38858, ""full_source_length"": 35634, ""num_context_blocks"": 1}",9,8,9,"{""completeness"": 9, ""conciseness"": 8, ""readability"": 9}",2025-12-04 14:00:56
Augmented_AutoDDG-140103,Coronavirus disease (COVID-19) case data - South Africa,research_long_v2,Augmented_AutoDDG,"This dataset contains COVID-19 case data for South Africa, with each row representing a specific date and including various metrics such as confirmed cases, deaths, and other statistics. The data spans from 2020 to 2022, covering the pandemic's progression in the country. The dataset includes information on different provinces, including EC, FS, GP, KZN, LP, MP, NC, NW, WC, and UNKNOWN, which represents unallocated cases. The data is sourced from various locations, with the majority coming from government websites and news outlets. This dataset can be used to analyze the pandemic's impact on South Africa, track the effectiveness of interventions, and inform public health policies.  The dataset has a temporal resolution of day-level for most variables, while some have a yearly or date-level resolution. The EC variable represents the number of confirmed cases, while FS is a financial metric. GP, KZN, LP, MP, NC, NW, WC, and UNKNOWN are measurement variables, with UNKNOWN also containing spatial data. The total variable aggregates all cases, and source indicates the location of each record.  This dataset was used in a computational study on the COVID-19 pandemic in South Africa to analyze the disease's dynamics and evaluate intervention effectiveness. The authors validated their model using various datasets, including hospitalization and excess mortality data, showing good agreement between predictions and observed data.","{""summary"": ""This is a scientific article about a computational study on the COVID-19 pandemic in South Africa. Here's a summary of the content:\n\n**Introduction**\n\nThe authors present a computational model to analyze the COVID-19 pandemic in South Africa, focusing on the dynamics of the disease and the effectiveness of interventions.\n\n**Methods**\n\nThe model uses a compartmental approach, dividing the population into susceptible, infected, and recovered individuals. The authors also account for factors such as vaccination rates, mobility, and hospitalization data.\n\n**Results**\n\nThe study finds that the pandemic in South Africa was characterized by multiple waves, with the first wave being the most severe. The model suggests that interventions such as lockdowns and mask mandates were effective in reducing transmission.\n\n**Validation**\n\nThe authors validate their model using various datasets, including:\n\n1. COVID-19-related hospitalization data\n2. Age-adjusted excess mortality data\n3. Retrospective predictions of cases and deaths\n\nThe results show good agreement between the model predictions and observed data.\n\n**Conclusion**\n\nThe study concludes that the computational model is a useful tool for understanding the dynamics of the COVID-19 pandemic in South Africa and evaluating the effectiveness of interventions.\n\n**Additional information**\n\n* The authors acknowledge funding from various sources, including the National Institute of Allergy and Infectious Diseases and the Morris-Singer Foundation.\n* The study's code and data are publicly available on GitHub.\n* The authors declare no competing interests."", ""dataset_name"": ""Coronavirus disease (COVID-19) case data - South Africa"", ""source_length"": 59541, ""full_source_length"": 56551, ""num_context_blocks"": 1}",9,8,9,"{""completeness"": 9, ""conciseness"": 8, ""readability"": 9}",2025-12-04 14:01:03
Augmented_AutoDDG-140113,European database of processing factors for pesticides residues in food,research_long_v2,Augmented_AutoDDG,"This dataset contains information on pesticide residues in various food products, including processed commodities and raw primary commodities. The data includes substance codes, chemical names, processing factors, storage conditions, analytical methods, and study references. It represents a comprehensive collection of data used to evaluate the safety of pesticides in food products. The dataset is based on an update of the European Union's database of processing factors for pesticide residues in food. It provides valuable insights into the presence and levels of pesticide residues in different food products.  The dataset includes various key variables such as substance codes, chemical names, processing factors, storage conditions, analytical methods, and study references. The data is used to evaluate the safety of pesticides in food products and to establish a mechanism for regular updates of the EU database of processing factors. The dataset has been extended with respect to considered processes and processed commodities, while some commodities were not included due to their composite nature or edible peel.  The semantic profile of the dataset columns reveals that it contains temporal data (resolution: Year) in variables such as Study Reference, First Entry, Last Update, EFSA Citation, GLP?, Remarks Process Representative, Storage Conditions (months), and PF < or PF > ?. The dataset also includes domain-specific types such as general, food processing, accounting, agriculture, and rating/score/measurement.  The research literature provides valuable insights into the acquisition of the dataset, its key variables, and how it was used in the study. The update of the EU database of processing factors for pesticide residues in food is a critical aspect of ensuring food safety. The dataset has been extended to include more processed commodities and raw primary commodities, while some commodities were not included due to their composite nature or edible peel.  The research highlights several recommendations for future development, including establishing a mechanism for regular updates of the EU database of processing factors, aligning raw commodity categories used with respect to storage stability and analytical methods, improving transparency and traceability of processing studies underlying a PF, and providing a sufficient number of independent processing trials when setting up a study.  The dataset can be used for various purposes such as evaluating the safety of pesticides in food products, establishing a mechanism for regular updates of the EU database of processing factors, aligning raw commodity categories used with respect to storage stability and analytical methods, improving transparency and traceability of processing studies underlying a PF, and providing a sufficient number of independent processing trials when setting up a study.  The dataset has several limitations, including the exclusion of some commodities due to their composite nature or edible peel. However, it provides valuable insights into the presence and levels of pesticide residues in different food products, making it an essential resource for researchers and policymakers working on food safety and pesticide regulation.","{""summary"": ""Here is a JSON representation of the text:\n\n```\n{\n  \""title\"": \""Update EU database of processing factors\"",\n  \""abstract\"": \""This report presents an update of the European Union (EU) database of processing factors for pesticide residues in food. The database was extended with respect to considered processes and processed commodities, while some commodities were not included due to their composite nature or edible peel.\"",\n  \""recommendations\"": [\n    {\n      \""text\"": \""Establish a mechanism for regular updates of the EU database of processing factors\"",\n      \""description\"": \""New studies are conducted and submitted continuously, and residue definitions keep changing.\""\n    },\n    {\n      \""text\"": \""Align raw commodity categories used with respect to storage stability and analytical methods\"",\n      \""description\"": \""This should be kept in mind when updating the respective OECD guideline and guidance document.\""\n    },\n    {\n      \""text\"": \""Improve transparency and traceability of processing studies underlying a PF\"",\n      \""description\"": \""Unambiguous study citations (title, author, year, study number) were often missing for processing studies evaluated in EFSA\u2019s Reasoned Opinions and in the underlying Evaluation Reports.\""\n    },\n    {\n      \""text\"": \""Provide a sufficient number of independent processing trials when setting up a study\"",\n      \""description\"": \""This will provide a reliable median PF output and allow for extrapolation possibilities to be further explored.\""\n    }\n  ],\n  \""future_development\"": [\n    {\n      \""text\"": \""Extend the processing database by including physico-chemical properties of active substances\"",\n      \""description\"": \""This will allow for comparison with and maybe even for extrapolation to other compounds.\""\n    },\n    {\n      \""text\"": \""Establish a set of quality criteria for drying factors\"",\n      \""description\"": \""A list of suitable factors should be provided together with recommendations for extrapolation.\""\n    }\n  ]\n}\n```\n\nNote that I've extracted the main points from the text and organized them into categories (recommendations and future development). The JSON representation is not exhaustive, but it captures the most important information."", ""dataset_name"": ""European database of processing factors for pesticides residues in food"", ""source_length"": 74618, ""full_source_length"": 70953, ""num_context_blocks"": 1}",9,8,9,"{""completeness"": 9, ""conciseness"": 8, ""readability"": 9}",2025-12-04 14:01:13
Augmented_AutoDDG-140120,The Global Carbon Project's fossil CO2 emissions dataset,research_long_v2,Augmented_AutoDDG,"This dataset contains carbon emissions data for various countries worldwide, covering the years from 1750 to 2020. The data includes measurements of total emissions, coal, oil, gas, cement, flaring, and other emissions, as well as per capita emissions. The dataset is sourced from multiple organizations, including the Global Carbon Project, World Bank, Organisation for Economic Co-operation and Development, and United Nations Population Division. It represents a valuable resource for researchers studying carbon emissions and their impact on the environment. The data can be used to analyze trends, identify patterns, and inform policy decisions related to climate change mitigation.","{""summary"": ""Here is a JSON representation of the text:\n\n```\n{\n  \""title\"": \""\"",\n  \""authors\"": [\n    {\n      \""name\"": \""JH\"",\n      \""contribution\"": \""Conceived the study\""\n    },\n    {\n      \""name\"": \""JV\"",\n      \""contribution\"": \""Led the design of the methods, curated the data, did the computations, and produced the visualisations\""\n    }\n  ],\n  \""abstract\"": \""\"",\n  \""introduction\"": \""\"",\n  \""methods\"": \""\"",\n  \""results\"": \""\"",\n  \""discussion\"": \""\"",\n  \""conclusion\"": \""\"",\n  \""references\"": [\n    {\n      \""title\"": \""The Global Carbon Project\"",\n      \""url\"": \""\""\n    },\n    {\n      \""title\"": \""The World Bank\"",\n      \""url\"": \""\""\n    },\n    {\n      \""title\"": \""The Organisation for Economic Co-operation and Development\"",\n      \""url\"": \""\""\n    },\n    {\n      \""title\"": \""The United Nations Population Division\"",\n      \""url\"": \""\""\n    }\n  ],\n  \""data\"": [\n    {\n      \""source\"": \""Global Carbon Project\"",\n      \""description\"": \""consumption-based emissions data\""\n    },\n    {\n      \""source\"": \""World Bank\"",\n      \""description\"": \""emissions data\""\n    },\n    {\n      \""source\"": \""Organisation for Economic Co-operation and Development\"",\n      \""description\"": \""emissions data\""\n    },\n    {\n      \""source\"": \""United Nations Population Division\"",\n      \""description\"": \""population data\""\n    }\n  ],\n  \""acknowledgments\"": [\n    {\n      \""name\"": \""Aljo\u0161a Slamer\u0161ak\"",\n      \""contribution\"": \""Feedback on an earlier draft\""\n    },\n    {\n      \""name\"": \""William Lamb\"",\n      \""contribution\"": \""Initial methodological input\""\n    },\n    {\n      \""name\"": \""Glen Peters\"",\n      \""contribution\"": \""Explanations on the Global Carbon Budget consumption-based emissions data\""\n    }\n  ],\n  \""funding\"": [\n    {\n      \""source\"": \""Leverhulme Trust\"",\n      \""award\"": \""Research Leadership Award Living Well Within Limits (RL-2016\u2013048)\""\n    },\n    {\n      \""source\"": \""Spanish Ministry of Science and Innovation\"",\n      \""programme\"": \""Mar\u00eda de Maeztu Unit of Excellence (CEX2019\u2013374 000940-M)\""\n    }\n  ]\n}\n```\n\nNote that some fields are empty or not present in the original text, so I've left them as is."", ""dataset_name"": ""The Global Carbon Project's fossil CO2 emissions dataset"", ""source_length"": 54013, ""full_source_length"": 49481, ""num_context_blocks"": 1}",9,8,9,"{""completeness"": 9, ""conciseness"": 8, ""readability"": 9}",2025-12-04 14:01:20
Augmented_AutoDDG-153329,The FluPRINT database,research_long_v2-llama70q3TEST,Augmented_AutoDDG,"This dataset contains immune cell analysis data from various studies, with key variables including donor ID, study ID, gender, race, visit ID, visit year, and vaccine response. The data spans multiple years and includes information on vaccination history, influenza infection, and hospitalization. The semantic profile reveals that the dataset is primarily used for measurement and aggregation purposes, with a focus on healthcare and medical research. Research literature highlights the importance of this dataset in understanding immune cell responses to different vaccines and infections. However, limitations include potential biases in data collection and representation.","{""summary"": ""{\n  \""enabled_research\"": \""\"",\n  \""practical_use\"": \""\"",\n  \""why_useful\"": \""\"",\n  \""requirements_or_setup\"": \""\"",\n  \""strengths_shown\"": \""\"",\n  \""limitations_found\"": \""\"",\n  \""usage_quotes\"": []\n}"", ""dataset_name"": ""The FluPRINT database"", ""source_length"": 12211, ""full_source_length"": 76710, ""num_context_blocks"": 1}",8,6,7,"{""completeness"": 8, ""conciseness"": 6, ""readability"": 7}",2025-12-04 15:33:29
Augmented_AutoDDG-153819,The FluPRINT database,research_long_v1-llama70q3TEST,Augmented_AutoDDG,"This dataset contains comprehensive cellular and transcriptomic profiling of peripheral blood mononuclear cells from patients with ICI myocarditis. It was used to identify novel cytotoxic and activated Temra CD8+ cells as a potential disease biomarker for ICI myocarditis. The data combines CyTOF, scRNA-seq, and single-cell TCR-seq to provide high-resolution immune phenotyping of myocarditis in the setting of irAEs from ICIs. Key variables include donor ID, study ID, gender, race, visit ID, visit year, visit day, visit type HAI, visit age, CMV status, EBV status, BMI, vaccine, geo mean, d geo mean, vaccine response, measurement ID, assay, name, name formatted, subset, units, data, statin use, flu vaccination history, total vaccines received, vaccinated 1yr prior, vaccine type 1yr prior, vaccinated 2yr prior, vaccine type 2yr prior, vaccinated 3yr prior, vaccine type 3yr prior, vaccinated 4yr prior, vaccine type 4yr prior, vaccinated 5yr prior, vaccine type 5yr prior, influenaza infection history, and influenaza hospitalization. The dataset was acquired through a custom pipeline and requires an institutional data use agreement. While it provides rich annotations enabling fine-grained classification, its small sample size limited statistical power, and class imbalance required resampling.","{""summary"": ""{\n  \""enabled_research\"": \""Comprehensive cellular and transcriptomic profiling of peripheral blood mononuclear cells in patients with ICI myocarditis\"",\n  \""practical_use\"": \""Identification of novel cytotoxic and activated Temra CD8+ cells as a potential disease biomarker for ICI myocarditis\"",\n  \""why_useful\"": \""Combination of CyTOF, scRNA-seq, and single-cell TCR-seq provides high-resolution immune phenotyping of myocarditis in the setting of irAEs from ICIs\"",\n  \""requirements_or_setup\"": \""Requires institutional data use agreement; preprocessed with custom pipeline\"",\n  \""strengths_shown\"": \""Rich annotations enabled fine-grained classification; diverse sample prevented overfitting\"",\n  \""limitations_found\"": \""Small sample size limited statistical power; class imbalance required resampling\"",\n  \""usage_quotes\"": [\n    \""enabled comparison across multiple domains\"",\n    \""crucial for validating our hypothesis\""\n  ]\n}"", ""dataset_name"": ""The FluPRINT database"", ""source_length"": 12211, ""full_source_length"": 76710, ""num_context_blocks"": 1}",9,6,7,"{""completeness"": 9, ""conciseness"": 6, ""readability"": 7}",2025-12-04 15:38:19
Vanilla_AutoDDG-154208,The FluPRINT database,N/A,Vanilla_AutoDDG,"This dataset contains immune cell analysis data from various studies, including information about donors, visits, vaccinations, and cytokine profiling. The data spans multiple years and includes details on vaccine responses, influenza infection history, and hospitalization. It also features semantic columns such as donor ID, study ID, gender, race, visit ID, visit year, visit day, visit type HAI, visit age, CMV status, EBV status, BMI, vaccine, geo mean, d geo mean, vaccine response, measurement ID, assay, name, name formatted, subset, units, data, statin use, flu vaccination history, total vaccines received, and more. The dataset can be used for analyzing immune cell responses to different vaccinations and understanding the effects of various factors on these responses.",,8,6,7,"{""completeness"": 8, ""conciseness"": 6, ""readability"": 7}",2025-12-04 15:42:08
Augmented_AutoDDG-154404,The FluPRINT database,research_long_v1-llama70q3,Augmented_AutoDDG,"This dataset contains comprehensive cellular and transcriptomic profiling of peripheral blood mononuclear cells from patients with immune checkpoint inhibitor (ICI) myocarditis. The data includes high-resolution immune phenotyping using CyTOF, scRNA-seq, and single-cell TCR-seq, enabling fine-grained classification of immune cell subsets. Key variables include demographic information, clinical characteristics, and cytometric measurements. Researchers utilized this dataset to identify novel cytotoxic and activated Temra CD8+ cells as a potential disease biomarker for ICI myocarditis. The study highlights the importance of rich annotations in enabling accurate classification and notes limitations due to small sample size and class imbalance.","{""summary"": ""{\n  \""enabled_research\"": \""Comprehensive cellular and transcriptomic profiling of peripheral blood mononuclear cells in patients with ICI myocarditis\"",\n  \""practical_use\"": \""Identification of novel cytotoxic and activated Temra CD8+ cells as a potential disease biomarker for ICI myocarditis\"",\n  \""why_useful\"": \""Provides high-resolution immune phenotyping of myocarditis in the setting of irAEs from ICIs using CyTOF, scRNA-seq, and single-cell TCR-seq\"",\n  \""requirements_or_setup\"": \""Requires institutional data use agreement; preprocessed with custom pipeline\"",\n  \""strengths_shown\"": \""Rich annotations enabled fine-grained classification; diverse sample prevented overfitting\"",\n  \""limitations_found\"": \""Small sample size limited statistical power; class imbalance required resampling\"",\n  \""usage_quotes\"": [\n    \""enabled comparison across multiple domains\"",\n    \""crucial for validating our hypothesis\""\n  ]\n}"", ""dataset_name"": ""The FluPRINT database"", ""source_length"": 12211, ""full_source_length"": 76710, ""num_context_blocks"": 1}",0,0,0,{},2025-12-04 15:44:04
Vanilla_AutoDDG-154456,CODE-15%: a large scale annotated dataset of 12-lead ECGs,N/A,Vanilla_AutoDDG,"This dataset contains electrocardiogram (ECG) data collected from various patients, providing insights into their heart health. The dataset includes demographic information such as age and gender, as well as medical details like predicted age and ECG readings. It also features temporal data, including time of death and time of ECG recording. The semantic profile reveals that the columns represent measurements, classifications, and identification keys, offering a comprehensive understanding of the data's structure and usage context. This dataset can be used for research purposes, such as analyzing heart health trends, identifying risk factors, and developing predictive models for cardiovascular diseases.",,8,8,9,"{""completeness"": 8, ""conciseness"": 8, ""readability"": 9}",2025-12-04 15:44:56
Augmented_AutoDDG-154818,CODE-15%: a large scale annotated dataset of 12-lead ECGs,research_long_v1-llama70q3,Augmented_AutoDDG,"This dataset contains electrocardiogram (ECG) data from over 2.3 million 12-lead ECG recordings. The key variables include exam_id, age, is_male, nn_predicted_age, and patient_id, among others. The dataset was used in a study to develop a unified model pipeline for three different cardio-related tasks: cardiac arrhythmia diagnosis, atrial fibrillation risk prediction, and age estimation. The study found that deep learning models reached similar or higher performance than feature engineering approaches for all tasks. However, the authors noted that age estimation is not a classical clinical task for 12-lead ECGs, which may have limited the effectiveness of feature engineering in this area.  The dataset provides valuable insights into cardiovascular health and can be used for various research purposes, such as developing predictive models for cardiac arrhythmias or atrial fibrillation risk. The data also includes temporal information, allowing researchers to analyze changes over time. Additionally, the dataset's large size and diverse range of variables make it an ideal resource for exploring complex relationships between different factors.  The semantic profile of the dataset reveals that certain columns, such as age and patient_id, have specific meanings and usage contexts. For example, age represents a person's age, while patient_id serves as a unique identifier for non-human entities in the healthcare domain. Understanding these nuances is essential for accurate analysis and interpretation of the data.  Overall, this dataset offers a wealth of information for researchers and clinicians seeking to improve our understanding of cardiovascular health and develop more effective diagnostic and predictive tools.","{""summary"": ""{\n  \""paper_title\"": \""On Merging Feature Engineering and Deep Learning for Diagnosis, Risk Prediction\"",\n  \""authors\"": [\""Zvuloni et al.\""],\n  \""abstract\"": \""We developed a unified model pipeline and trained it for three different and independent cardio-related tasks, utilizing both feature engineering and deep learning approaches as well as combining both. Experiments were conducted using a large dataset of over 2.3M 12-lead ECG recordings. For all tasks, cardiac arrhythmia diagnosis, atrial fibrillation risk prediction, and age estimation, the DL model reached similar or higher performance than the FE approach.\"",\n  \""results\"": {\n    \""arrhythmia_diagnosis\"": {\n      \""FE_performance\"": \""comparable\"",\n      \""DL_performance\"": \""similar\""\n    },\n    \""atrial_fibrillation_risk_prediction\"": {\n      \""FE_performance\"": \""comparable\"",\n      \""DL_performance\"": \""higher\""\n    },\n    \""age_estimation\"": {\n      \""FE_performance\"": \""lower\"",\n      \""DL_performance\"": \""higher\""\n    }\n  },\n  \""conclusion\"": \""We explain this finding by the fact that age estimation is not a classical clinical task that the 12-lead ECG was historically used for. Consequently, FE encompassing domain knowledge for this specific task was low.\"",\n  \""acknowledgment\"": {\n    \""thanks_to\"": [\""S. Biton\"", \""S. Gendelman\""],\n    \""fellowship\"": \""The Miriam and Aaron Gutwirth Memorial Fellowship\""\n  }\n}"", ""dataset_name"": ""CODE-15%: a large scale annotated dataset of 12-lead ECGs"", ""source_length"": 53716, ""full_source_length"": 49051, ""num_context_blocks"": 1}",9,8,9,"{""completeness"": 9, ""conciseness"": 8, ""readability"": 9}",2025-12-04 15:48:18
Vanilla_AutoDDG-154902,T1GDUJA: Glucose dataset of a patient with type 1 diabetes mellitus,N/A,Vanilla_AutoDDG,"This dataset contains temporal data with a resolution of one hour, covering various measurements related to Type 1 Diabetes. The ""date"" column holds time information, while the ""sgv"" column represents measurement values and the ""utcOffset"" column provides additional temporal context. With over 41,000 unique date entries and 309 distinct sgv values, this dataset offers a comprehensive look at Type 1 Diabetes measurements across different times. It can be used for analyzing patterns, trends, and correlations in Type 1 Diabetes data, making it valuable for researchers and healthcare professionals seeking to better understand the condition.",,8,9,9,"{""completeness"": 8, ""conciseness"": 9, ""readability"": 9}",2025-12-04 15:49:02
Augmented_AutoDDG-155211,T1GDUJA: Glucose dataset of a patient with type 1 diabetes mellitus,research_long_v1-llama70q3,Augmented_AutoDDG,"This dataset contains glucose data from a patient with type 1 diabetes mellitus, collected over a period of time. The key variables include date, sgv (measurement value), and utcOffset (temporal data). The dataset has been used in research to develop predictive models for glucose levels, utilizing machine learning algorithms such as GPT-4o and GPT-4. The study highlights the importance of accurate glucose monitoring in managing type 1 diabetes. However, limitations include the dataset's limited size and potential biases in data collection. Despite this, the dataset provides valuable insights into glucose patterns and can aid in developing personalized treatment plans.","{""summary"": ""Here is the JSON data extracted from the text:\n\n```\n{\n  \""references\"": [\n    {\n      \""id\"": \""[1]\"",\n      \""text\"": \""\""\n    },\n    {\n      \""id\"": \""[2]\"",\n      \""text\"": \""\""\n    },\n    ...\n  ],\n  \""authors\"": [\n    {\n      \""name\"": \""Juan Francisco Gait\u00e1n-Guerrero\"",\n      \""birthplace\"": \""Bail\u00e9n, Ja\u00e9n, Spain\"",\n      \""birthdate\"": \""2000\"",\n      \""degrees\"": [\""B.Sc. in computer science\""],\n      \""affiliation\"": \""University of Ja\u00e9n\""\n    },\n    {\n      \""name\"": \""Jos\u00e9 Luis L\u00f3pez Ruiz\"",\n      \""birthplace\"": \""Linares, Ja\u00e9n, Spain\"",\n      \""birthdate\"": \""1993\"",\n      \""degrees\"": [\""M.Sc.\"", \""Ph.D. in computer science\""],\n      \""affiliation\"": \""University of Ja\u00e9n\""\n    },\n    {\n      \""name\"": \""Macarena Espinilla\"",\n      \""birthplace\"": \""Ja\u00e9n, Spain\"",\n      \""birthdate\"": \""1983\"",\n      \""degrees\"": [\""M.Sc.\"", \""Ph.D. in computer science\""],\n      \""affiliation\"": \""University of Ja\u00e9n\""\n    },\n    {\n      \""name\"": \""Carmen Mart\u00ednez-Cruz\"",\n      \""birthplace\"": \""\"",\n      \""birthdate\"": \""\"",\n      \""degrees\"": [\""Ph.D. in computer science and arti\ufb01cial intelligence\""],\n      \""affiliation\"": \""University of Ja\u00e9n\""\n    }\n  ],\n  \""dataset\"": {\n    \""name\"": \""T1GDUJA: Glucose dataset of a patient with type 1 diabetes mellitus\"",\n    \""url\"": \""https://zenodo.org/records/10713570\""\n  },\n  \""models\"": [\n    {\n      \""name\"": \""GPT-4o\"",\n      \""url\"": \""https://openai.com/index/hello-gpt-4o/\""\n    },\n    {\n      \""name\"": \""GPT-4\"",\n      \""url\"": \""https://openai.com/index/gpt-4/\""\n    }\n  ]\n}\n```\n\nNote that some information, such as the authors' birthdates and places of birth, is not included in the JSON data if it was not present in the original text."", ""dataset_name"": ""T1GDUJA: Glucose dataset of a patient with type 1 diabetes mellitus"", ""source_length"": 77095, ""full_source_length"": 70163, ""num_context_blocks"": 1}",6,8,8,"{""completeness"": 6, ""conciseness"": 8, ""readability"": 8}",2025-12-04 15:52:11
Vanilla_AutoDDG-155308,A comprehensive database of expert-curated occurrences for the genus Carex L. (Cyperaceae),N/A,Vanilla_AutoDDG,"This dataset contains information about Carex species distribution, including their scientific names, original names, infraspecific information, authority, revised names, revised infraspecific information, and revised authority. The data also includes spatial information such as latitude and longitude, as well as temporal information like day, month, and year. Additionally, the dataset provides details about the collectors, institutions, and collection codes. The semantic profile of the columns reveals that they represent various entities such as scientific names, plants, locations, organizations, and people, which can be used for classification, measurement, and aggregation purposes. This dataset can be utilized to study the distribution patterns of Carex species across different regions and time periods.",,8,8,9,"{""completeness"": 8, ""conciseness"": 8, ""readability"": 9}",2025-12-04 15:53:08
Augmented_AutoDDG-155807,A comprehensive database of expert-curated occurrences for the genus Carex L. (Cyperaceae),research_long_v1-llama70q3,Augmented_AutoDDG,"This dataset contains information about Carex species distribution, including their scientific names, original names, infraspecific information, authority, revised names, revised infraspecific information, and revised authority. The data also includes spatial information such as latitude and longitude, temporal information like day, month, and year, and other details like TDWG3 region, TDWG1 name, institution code, collection code, GBIF occurrence ID, main collector, other collectors, collector code, curation change, contributor, and incidences. The dataset can be used to study the distribution of Carex species across different regions and time periods.  The semantic profile of the dataset columns provides insights into the meaning and usage of each column. For example, the record_ID column represents an identifier and is used as an aggregation key, while the scientific_name column represents a scientific entity and is used for classification purposes. The latitude_WGS84 and longitude_WGS84 columns contain spatial data and are used to measure locations.  Research literature provides additional context about the dataset, including its use in comparative biogeography studies of Carex species. A study published on this topic used phylogenomic reconstruction, divergence time estimation, and bioclimatic niche analysis to investigate the evolutionary history and ecological traits of two groups of plants, Carex phalaroides and sect. Bracteosellae. The study found that the biogeographical histories of the two groups are identical but with differences in timing and mechanisms, and that extant lineages in the same regions show notable ecological similarities.  The dataset was likely acquired through a combination of fieldwork, literature reviews, and data curation efforts. The key variables include scientific name, original name, infraspecific information, authority, revised name, revised infraspecific information, revised authority, latitude, longitude, day, month, year, TDWG3 region, TDWG1 name, institution code, collection code, GBIF occurrence ID, main collector, other collectors, collector code, curation change, contributor, and incidences. The dataset was used in the study to investigate the evolutionary history and ecological traits of Carex species.  One limitation identified by the paper is that the biogeographical histories of the two groups are identical but with differences in timing and mechanisms, which may indicate that the dataset is not comprehensive or that there are gaps in the data. Additionally, the study notes that extant lineages in the same regions show notable ecological similarities, suggesting a process of bioclimatic niche convergence, which may be an area for further research.  Overall, this dataset provides valuable information about Carex species distribution and can be used to study their evolutionary history and ecological traits. However, users should be aware of potential limitations and gaps in the data.","{""summary"": ""This is a scientific paper about the comparative biogeography of two groups of plants, Carex phalaroides and sect. Bracteosellae, which are part of the family Cyperaceae. The study uses phylogenomic reconstruction, divergence time estimation, and bioclimatic niche analysis to investigate the evolutionary history and ecological traits of these plant groups.\n\nHere is a summary of the paper in JSON format:\n\n```\n{\n  \""title\"": \""Comparative Biogeography of Two South American Carex (Cyperaceae) Groups\"",\n  \""authors\"": [\""A. M.-A.\"", \""P. J.-M.\""],\n  \""abstract\"": \""This study investigates the comparative biogeography of two groups of plants, Carex phalaroides and sect. Bracteosellae, using phylogenomic reconstruction, divergence time estimation, and bioclimatic niche analysis.\"",\n  \""methods\"": [\""phylogenomic reconstruction\"", \""divergence time estimation\"", \""bioclimatic niche analysis\""],\n  \""results\"": [\n    {\n      \""group\"": \""Carex phalaroides\"",\n      \""divergence_time\"": \""Pleistocene\"",\n      \""ancestral_area\"": \""central Andes\""\n    },\n    {\n      \""group\"": \""sect. Bracteosellae\"",\n      \""divergence_time\"": \""Pleistocene\"",\n      \""ancestral_area\"": \""combination of central and northern Andes\""\n    }\n  ],\n  \""conclusions\"": [\n    \""The biogeographical histories of the two groups are identical, but with differences in timing and mechanisms.\"",\n    \""Extant lineages in the same regions show notable ecological similarities, suggesting a process of bioclimatic niche convergence.\""\n  ],\n  \""funding\"": [\""Comunidad de Madrid\"", \""Spanish Ministerio de Ciencia e Innovaci\u00f3n\""],\n  \""acknowledgements\"": [\""curators and staff at MOR and WS\"", \""UPOS staff\"", \""fieldwork assistants\""]\n}\n```\n\nNote that this is a simplified representation of the paper's content, and some details may have been omitted or condensed for brevity."", ""dataset_name"": ""A comprehensive database of expert-curated occurrences for the genus Carex L. (Cyperaceae)"", ""source_length"": 102527, ""full_source_length"": 94877, ""num_context_blocks"": 1}",9,6,8,"{""completeness"": 9, ""conciseness"": 6, ""readability"": 8}",2025-12-04 15:58:07
Vanilla_AutoDDG-155857,TetrapodTraits Database,N/A,Vanilla_AutoDDG,"This dataset contains comprehensive information about various species, including their taxonomic classification, physical characteristics, habitats, and geographic distribution. The data encompasses multiple domains such as biology, ecology, geography, and climate science, making it a valuable resource for researchers and scientists studying biodiversity, conservation, and environmental changes. With its detailed semantic profile, the dataset provides insights into the relationships between species, their environments, and human activities, allowing for in-depth analysis and modeling of complex ecosystems. The dataset can be used for various purposes, including species classification, habitat mapping, climate change research, and conservation planning.",,8,6,7,"{""completeness"": 8, ""conciseness"": 6, ""readability"": 7}",2025-12-04 15:58:57
